Unnamed: 0,Mar 2019,Jun 2019,Sep 2019,Dec 2019,Mar 2020,Jun 2020,Sep 2020,Dec 2020,Mar 2021,Jun 2021,Sep 2021,Dec 2021,Stockname
Promoters +,49.36,48.97,48.29,48.25,47.75,47.45,47.55,47.34,46.82,44.9,44.21,44.21,AARTIIND
FIIs +,7.43,7.75,7.67,7.49,8.28,7.37,7.52,9.0,8.66,11.9,11.86,12.27,AARTIIND
DIIs +,15.91,15.92,16.42,16.65,16.56,16.22,15.78,14.61,15.64,13.62,14.75,14.54,AARTIIND
Public +,27.3,27.36,27.63,27.62,27.41,28.96,29.15,29.06,28.87,29.57,29.18,28.98,AARTIIND
Unnamed: 0,Mar 2019,Jun 2019,Sep 2019,Dec 2019,Mar 2020,Jun 2020,Sep 2020,Dec 2020,Mar 2021,Jun 2021,Sep 2021,Dec 2021,Stockname
Promoters +,74.19,74.19,74.19,74.19,74.19,74.19,74.14,74.13,74.13,74.09,72.03,72.03,ALKYLAMINE
FIIs +,0.59,0.52,0.38,0.43,0.67,0.41,0.38,0.95,0.9,1.03,2.29,2.22,ALKYLAMINE
DIIs +,0.11,0.37,0.7,1.1,1.73,2.21,1.84,1.78,1.53,1.11,1.13,1.27,ALKYLAMINE
Government +,0.0,0.0,0.0,0.0,0.0,0.0,0.0,0.0,0.46,0.0,0.0,0.0,ALKYLAMINE
Public +,25.1,24.92,24.72,24.28,23.4,23.18,23.63,23.13,22.98,23.77,24.55,24.48,ALKYLAMINE
Unnamed: 0,Mar 2019,Jun 2019,Sep 2019,Dec 2019,Mar 2020,Jun 2020,Sep 2020,Dec 2020,Mar 2021,Jun 2021,Sep 2021,Dec 2021,Stockname
Promoters +,34.4,34.4,30.8,30.8,30.81,30.82,30.82,30.82,29.82,29.82,29.82,29.33,APOLLOHOSP
FIIs +,44.27,44.02,47.73,48.84,46.92,46.58,47.81,51.7,54.51,53.23,51.54,52.41,APOLLOHOSP
DIIs +,12.9,13.06,13.87,13.35,14.78,15.11,14.71,10.85,9.25,10.85,12.28,12.17,APOLLOHOSP
Government +,0.23,0.23,0.23,0.23,0.23,0.23,0.23,0.23,0.23,0.23,0.23,0.23,APOLLOHOSP
Public +,8.2,8.3,7.37,6.77,7.25,7.26,6.43,6.4,6.2,5.88,6.14,5.86,APOLLOHOSP
Unnamed: 0,Mar 2019,Jun 2019,Sep 2019,Dec 2019,Mar 2020,Jun 2020,Sep 2020,Dec 2020,Mar 2021,Jun 2021,Sep 2021,Dec 2021,Stockname
Promoters +,51.12,51.12,51.12,51.12,51.54,51.54,51.54,51.54,51.54,51.54,51.54,51.54,ASHOKLEY
FIIs +,19.06,18.75,17.05,19.24,16.94,15.64,14.6,16.3,18.08,17.04,16.33,15.05,ASHOKLEY
DIIs +,10.0,10.92,12.97,12.3,14.98,14.01,17.56,17.64,16.72,18.15,19.55,20.65,ASHOKLEY
Government +,0.08,0.08,0.08,0.08,0.08,0.08,0.08,0.08,0.08,0.08,0.08,0.08,ASHOKLEY
Public +,19.74,19.13,18.78,17.26,16.46,18.73,16.23,14.44,13.58,13.2,12.5,12.68,ASHOKLEY
Unnamed: 0,Mar 2019,Jun 2019,Sep 2019,Dec 2019,Mar 2020,Jun 2020,Sep 2020,Dec 2020,Mar 2021,Jun 2021,Sep 2021,Dec 2021,Stockname
Promoters +,52.79,52.79,52.79,52.79,52.79,52.79,52.79,52.79,52.79,52.79,52.79,52.63,ASIANPAINT
FIIs +,16.33,16.65,16.95,17.24,17.21,18.21,19.84,21.13,20.38,20.72,20.96,20.48,ASIANPAINT
DIIs +,9.51,8.95,10.52,10.16,9.81,8.95,8.12,7.02,7.27,7.26,6.84,7.15,ASIANPAINT
Government +,0.05,0.1,0.13,0.13,0.14,0.08,0.08,0.08,0.08,0.04,0.04,0.04,ASIANPAINT
Public +,21.32,21.51,19.61,19.69,20.04,19.96,19.16,18.98,19.48,19.18,19.35,19.68,ASIANPAINT
Others +,0.0,0.0,0.0,0.0,0.0,0.0,0.0,0.0,0.0,0.0,0.02,0.02,ASIANPAINT
Unnamed: 0,Mar 2019,Jun 2019,Sep 2019,Dec 2019,Mar 2020,Jun 2020,Sep 2020,Dec 2020,Mar 2021,Jun 2021,Sep 2021,Dec 2021,Stockname
Promoters +,58.48,58.13,55.74,55.74,55.74,55.74,55.74,55.74,55.74,55.74,55.73,55.73,ASTRAL
FIIs +,21.93,22.06,22.56,20.37,20.08,19.42,20.36,22.17,22.71,22.75,21.32,19.85,ASTRAL
DIIs +,5.74,6.07,7.57,8.57,8.81,9.04,8.9,8.07,7.68,8.03,10.72,11.62,ASTRAL
Public +,13.84,13.74,14.13,15.31,15.37,15.79,15.01,14.02,13.87,13.49,12.23,12.8,ASTRAL
Unnamed: 0,Mar 2019,Jun 2019,Sep 2019,Dec 2019,Mar 2020,Jun 2020,Sep 2020,Dec 2020,Mar 2021,Jun 2021,Sep 2021,Dec 2021,Stockname
Promoters +,51.18,53.52,53.52,53.52,53.66,53.69,53.69,53.7,53.7,53.7,53.7,53.73,BAJAJ-AUTO
FIIs +,15.64,14.61,14.05,13.88,13.94,13.71,13.56,13.06,11.99,11.82,11.21,10.2,BAJAJ-AUTO
DIIs +,7.38,8.57,9.79,10.1,8.76,9.12,10.41,9.13,12.29,12.71,12.85,13.23,BAJAJ-AUTO
Public +,25.8,23.3,22.64,22.49,23.64,23.48,22.34,24.11,22.02,21.77,22.24,22.84,BAJAJ-AUTO
Unnamed: 0,Mar 2019,Jun 2019,Sep 2019,Dec 2019,Mar 2020,Jun 2020,Sep 2020,Dec 2020,Mar 2021,Jun 2021,Sep 2021,Dec 2021,Stockname
Promoters +,62.71,62.69,62.68,62.67,63.17,63.17,63.12,63.22,63.16,63.1,63.05,63.01,BAJAJELEC
FIIs +,5.7,5.44,5.35,5.71,7.96,9.19,9.53,10.92,12.42,12.03,12.86,11.75,BAJAJELEC
DIIs +,8.68,10.0,12.38,12.44,12.45,13.24,13.05,11.88,10.47,11.29,11.05,11.61,BAJAJELEC
Public +,22.91,21.87,19.6,19.18,16.41,14.39,14.3,13.98,13.95,13.57,13.04,13.64,BAJAJELEC
Unnamed: 0,Mar 2019,Jun 2019,Sep 2019,Dec 2019,Mar 2020,Jun 2020,Sep 2020,Dec 2020,Mar 2021,Jun 2021,Sep 2021,Dec 2021,Stockname
Promoters +,58.37,60.71,60.71,60.71,60.8,60.8,60.8,60.8,60.8,60.8,60.8,60.8,BAJAJFINSV
FIIs +,8.3,8.9,8.46,8.7,8.62,7.98,7.71,8.78,9.07,9.55,8.92,8.78,BAJAJFINSV
DIIs +,6.5,6.25,6.74,6.63,6.24,6.35,6.83,6.07,6.09,6.0,6.65,6.75,BAJAJFINSV
Public +,26.81,24.11,23.96,23.84,24.15,24.68,24.48,24.17,23.87,23.49,23.5,23.55,BAJAJFINSV
Others +,0.03,0.03,0.13,0.13,0.19,0.19,0.19,0.18,0.18,0.16,0.13,0.12,BAJAJFINSV
Unnamed: 0,Mar 2019,Jun 2019,Sep 2019,Dec 2019,Mar 2020,Jun 2020,Sep 2020,Dec 2020,Mar 2021,Jun 2021,Sep 2021,Dec 2021,Stockname
Promoters +,55.17,58.26,58.26,56.15,56.2,56.2,56.12,56.12,56.12,56.03,56.03,56.03,BAJFINANCE
FIIs +,20.67,21.28,20.65,22.22,21.16,21.24,21.31,23.89,24.06,24.03,23.64,22.85,BAJFINANCE
DIIs +,8.5,8.26,8.58,10.46,10.89,10.11,10.7,9.07,9.08,9.33,9.73,10.11,BAJFINANCE
Public +,15.47,11.78,12.14,10.87,11.46,12.22,11.55,10.64,10.57,10.4,10.42,10.91,BAJFINANCE
Others +,0.19,0.42,0.37,0.3,0.29,0.22,0.32,0.28,0.17,0.21,0.17,0.1,BAJFINANCE
Unnamed: 0,Mar 2019,Jun 2019,Sep 2019,Dec 2019,Mar 2020,Jun 2020,Sep 2020,Dec 2020,Mar 2021,Jun 2021,Sep 2021,Dec 2021,Stockname
Promoters +,53.38,53.46,53.61,53.64,53.67,53.7,53.7,53.7,53.7,53.68,53.7,53.7,BALAMINES
FIIs +,1.45,1.46,1.62,1.67,1.75,1.74,1.67,1.64,2.18,2.35,4.0,3.9,BALAMINES
DIIs +,1.04,0.39,0.24,0.22,0.25,0.39,0.31,0.37,0.45,0.3,0.48,0.16,BALAMINES
Public +,44.13,44.7,44.53,44.47,44.33,44.17,44.32,44.29,43.67,43.67,41.82,42.24,BALAMINES
Unnamed: 0,Mar 2019,Jun 2019,Sep 2019,Dec 2019,Mar 2020,Jun 2020,Sep 2020,Dec 2020,Mar 2021,Jun 2021,Sep 2021,Dec 2021,Stockname
Promoters +,58.3,58.3,58.3,58.3,58.3,58.3,58.3,58.3,58.3,58.3,58.3,58.29,BALKRISIND
FIIs +,11.46,10.63,11.17,11.68,11.93,12.99,11.52,15.54,14.4,15.18,15.42,15.07,BALKRISIND
DIIs +,15.03,15.95,15.94,17.49,17.8,17.78,18.97,14.96,14.6,14.09,12.56,11.59,BALKRISIND
Public +,15.21,15.13,14.59,12.53,11.97,10.94,11.21,11.2,12.71,12.44,13.73,15.05,BALKRISIND
Unnamed: 0,Mar 2019,Jun 2019,Sep 2019,Dec 2019,Mar 2020,Jun 2020,Sep 2020,Dec 2020,Mar 2021,Jun 2021,Sep 2021,Dec 2021,Stockname
Promoters +,74.98,75.0,75.0,74.99,74.99,74.99,74.99,74.98,74.98,74.98,74.99,74.99,BERGEPAINT
FIIs +,5.55,5.54,6.16,7.96,7.78,11.72,11.38,11.53,11.24,11.25,11.22,11.3,BERGEPAINT
DIIs +,8.26,8.05,7.28,6.81,6.83,3.02,3.72,3.69,4.02,4.07,3.91,3.57,BERGEPAINT
Public +,11.21,11.41,11.56,10.24,10.4,10.27,9.91,9.8,9.75,9.69,9.88,10.14,BERGEPAINT
Unnamed: 0,Mar 2019,Jun 2019,Sep 2019,Dec 2019,Mar 2020,Jun 2020,Sep 2020,Dec 2020,Mar 2021,Jun 2021,Sep 2021,Dec 2021,Stockname
Promoters +,67.14,62.71,62.7,62.7,58.98,56.23,56.23,56.23,55.86,55.86,55.86,55.93,BHARTIARTL
FIIs +,17.61,22.05,22.33,16.4,20.29,20.15,17.57,17.75,18.57,18.12,19.87,19.37,BHARTIARTL
DIIs +,13.25,13.14,13.2,14.14,15.83,18.37,21.72,21.78,20.35,20.64,19.15,19.48,BHARTIARTL
Public +,2.0,2.07,1.74,6.71,4.87,5.21,4.45,4.18,5.16,5.32,5.08,5.16,BHARTIARTL
Others +,0.0,0.03,0.03,0.05,0.04,0.04,0.03,0.06,0.06,0.06,0.05,0.05,BHARTIARTL
Unnamed: 0,Mar 2019,Jun 2019,Sep 2019,Dec 2019,Mar 2020,Jun 2020,Sep 2020,Dec 2020,Mar 2021,Jun 2021,Sep 2021,Dec 2021,Stockname
Promoters +,50.66,50.66,50.66,50.63,50.63,50.61,50.58,50.55,50.55,50.55,50.55,50.55,BRITANNIA
FIIs +,15.75,15.7,15.22,15.79,14.71,14.67,16.04,17.67,17.96,18.4,17.65,17.59,BRITANNIA
DIIs +,12.37,13.11,13.57,13.56,13.38,12.66,11.46,10.65,11.23,11.18,11.53,11.53,BRITANNIA
Public +,21.22,20.53,20.55,20.02,21.28,22.06,21.92,21.14,20.26,19.87,20.28,20.34,BRITANNIA
Unnamed: 0,Sep 2020,Dec 2020,Mar 2021,Jun 2021,Sep 2021,Dec 2021,Stockname
Promoters +,30.98,30.98,30.98,30.96,30.96,23.75,CAMS
FIIs +,8.67,22.14,23.99,25.11,26.49,30.43,CAMS
DIIs +,32.17,26.26,24.03,21.82,15.15,13.25,CAMS
Public +,28.17,20.61,21.0,22.11,27.4,32.57,CAMS
Unnamed: 0,Mar 2010,Mar 2011,Mar 2012,Mar 2013,Mar 2014,Mar 2015,Mar 2016,Mar 2017,Mar 2018,Mar 2019,Mar 2020,Mar 2021,Stockname
Debtor Days,17,18,21,17,16,16,35,27,27,21,28,14,CDSL
Inventory Days,,,,,,,,,,,,,CDSL
Days Payable,,,,,,,,,,,,,CDSL
Cash Conversion Cycle,17,18,21,17,16,16,35,27,27,21,28,14,CDSL
Working Capital Days,-97,-44,-104,-216,-280,-323,-130,-103,-125,-125,-137,-149,CDSL
ROCE %,31%,28%,22%,13%,11%,12%,21%,21%,22%,21%,17%,33%,CDSL
Unnamed: 0,Mar 2019,Jun 2019,Sep 2019,Dec 2019,Mar 2020,Jun 2020,Sep 2020,Dec 2020,Mar 2021,Jun 2021,Sep 2021,Dec 2021,Stockname
Promoters +,67.9,67.88,67.88,67.88,67.88,67.87,67.87,67.87,67.38,67.36,67.36,67.37,DABUR
FIIs +,18.21,17.76,17.64,17.48,17.43,17.63,18.08,18.52,19.77,20.59,21.35,21.11,DABUR
DIIs +,6.67,7.03,7.74,7.71,7.61,7.42,6.9,5.93,5.34,4.66,3.41,3.59,DABUR
Public +,7.23,7.34,6.74,6.93,7.07,7.08,7.15,7.67,7.51,7.38,7.87,7.93,DABUR
Unnamed: 0,Mar 2019,Jun 2019,Sep 2019,Dec 2019,Mar 2020,Jun 2020,Sep 2020,Dec 2020,Mar 2021,Jun 2021,Sep 2021,Dec 2021,Stockname
Promoters +,44.85,44.85,45.64,45.64,45.69,45.69,45.69,45.69,45.69,45.69,45.69,45.69,DEEPAKNTR
FIIs +,10.28,10.73,9.4,10.16,10.96,11.48,12.74,13.26,11.87,11.43,10.85,8.84,DEEPAKNTR
DIIs +,15.53,16.32,16.45,16.01,16.19,13.54,12.0,10.51,11.64,10.41,10.61,10.74,DEEPAKNTR
Public +,29.34,28.1,28.5,28.19,27.16,29.28,29.56,30.53,30.8,32.47,32.85,34.73,DEEPAKNTR
Unnamed: 0,Mar 2019,Jun 2019,Sep 2019,Dec 2019,Mar 2020,Jun 2020,Sep 2020,Dec 2020,Mar 2021,Jun 2021,Sep 2021,Dec 2021,Stockname
Promoters +,52.01,52.01,52.01,52.0,51.97,51.97,51.96,51.95,51.95,51.95,51.95,51.95,DIVISLAB
FIIs +,21.21,20.95,19.61,19.7,19.08,18.17,18.28,20.37,19.87,20.6,20.7,19.3,DIVISLAB
DIIs +,14.22,14.87,15.46,15.47,15.59,16.8,18.8,16.86,16.74,16.56,16.36,17.73,DIVISLAB
Public +,12.56,12.17,12.92,12.83,13.35,13.07,10.96,10.83,11.45,10.89,11.0,11.02,DIVISLAB
Unnamed: 0,Mar 2019,Jun 2019,Sep 2019,Dec 2019,Mar 2020,Jun 2020,Sep 2020,Dec 2020,Mar 2021,Jun 2021,Sep 2021,Dec 2021,Stockname
Promoters +,38.93,38.92,38.89,37.92,36.17,36.11,36.01,35.06,35.04,35.03,34.93,34.52,DIXON
FIIs +,6.04,7.23,7.67,10.85,10.76,12.27,16.21,20.31,19.84,19.85,18.41,18.51,DIXON
DIIs +,23.76,22.38,22.09,20.73,22.95,21.94,17.55,15.23,11.02,9.48,8.74,7.6,DIXON
Public +,31.27,31.47,31.35,30.5,30.12,29.68,30.23,29.4,34.1,35.64,37.92,39.37,DIXON
Unnamed: 0,Mar 2019,Jun 2019,Sep 2019,Dec 2019,Mar 2020,Jun 2020,Sep 2020,Dec 2020,Mar 2021,Jun 2021,Sep 2021,Dec 2021,Stockname
Promoters +,81.2,81.2,80.21,79.73,74.99,74.99,74.99,74.99,74.99,74.99,74.99,74.99,DMART
FIIs +,5.91,5.47,6.03,6.21,9.62,10.42,10.27,10.09,10.17,10.04,9.95,9.44,DMART
DIIs +,3.2,3.57,4.8,4.72,6.56,5.98,6.11,6.71,6.58,6.71,6.78,6.74,DMART
Public +,9.68,9.75,8.96,9.34,8.83,8.61,8.63,8.21,8.26,8.26,8.29,8.83,DMART
Unnamed: 0,Mar 2019,Jun 2019,Sep 2019,Dec 2019,Mar 2020,Jun 2020,Sep 2020,Dec 2020,Mar 2021,Jun 2021,Sep 2021,Dec 2021,Stockname
Promoters +,26.77,26.76,26.76,26.76,26.75,26.74,26.74,26.73,26.74,26.73,26.72,26.72,DRREDDY
FIIs +,30.93,30.73,30.05,30.04,30.15,29.33,29.58,29.13,29.03,29.04,27.76,27.42,DRREDDY
DIIs +,14.53,13.77,14.99,15.1,14.35,14.64,13.92,14.73,14.9,15.74,21.4,22.29,DRREDDY
Public +,27.64,28.5,27.97,27.87,28.51,29.06,29.53,29.19,28.99,28.17,23.83,23.29,DRREDDY
Others +,0.13,0.24,0.24,0.24,0.24,0.22,0.23,0.22,0.35,0.32,0.29,0.28,DRREDDY
Unnamed: 0,Mar 2019,Jun 2019,Sep 2019,Dec 2019,Mar 2020,Jun 2020,Sep 2020,Dec 2020,Mar 2021,Jun 2021,Sep 2021,Dec 2021,Stockname
Promoters +,49.32,49.31,49.31,49.28,49.28,49.28,49.25,49.24,49.23,49.22,49.22,49.22,EICHERMOT
FIIs +,32.49,33.15,31.86,31.19,27.71,26.95,28.16,28.89,29.06,28.83,30.28,29.45,EICHERMOT
DIIs +,4.55,4.69,7.22,8.21,11.12,11.94,9.94,9.35,9.08,9.5,8.65,9.73,EICHERMOT
Government +,0.11,0.11,0.11,0.11,0.15,0.15,0.15,0.15,0.15,0.1,0.1,0.1,EICHERMOT
Public +,13.53,12.74,11.5,11.21,11.75,11.68,12.5,12.37,12.49,12.36,11.76,11.5,EICHERMOT
Unnamed: 0,Mar 2019,Jun 2019,Sep 2019,Dec 2019,Mar 2020,Jun 2020,Sep 2020,Dec 2020,Mar 2021,Jun 2021,Sep 2021,Dec 2021,Stockname
Promoters +,59.55,59.52,59.52,59.52,59.52,59.5,59.5,59.5,59.5,59.47,59.47,59.47,HAVELLS
FIIs +,27.28,26.95,26.29,25.88,23.04,21.95,22.22,24.36,24.91,24.01,26.76,26.51,HAVELLS
DIIs +,4.3,4.64,5.82,5.89,8.27,9.64,9.86,8.36,7.89,8.17,6.12,6.26,HAVELLS
Government +,0.16,0.14,0.13,0.18,0.23,0.23,0.23,0.23,0.19,0.12,0.11,0.1,HAVELLS
Public +,8.71,8.69,8.24,8.53,8.94,8.68,8.18,7.55,7.51,8.17,7.54,7.66,HAVELLS
Others +,0.01,0.06,0.01,0.01,0.01,0.01,0.01,0.01,0.01,0.05,0.01,0.01,HAVELLS
Unnamed: 0,Mar 2019,Jun 2019,Sep 2019,Dec 2019,Mar 2020,Jun 2020,Sep 2020,Dec 2020,Mar 2021,Jun 2021,Sep 2021,Dec 2021,Stockname
Promoters +,60.0,60.0,60.0,59.98,60.33,60.33,60.33,60.33,60.33,60.33,60.33,60.33,HCLTECH
FIIs +,28.74,28.63,27.96,27.66,26.42,25.62,24.92,24.92,24.14,23.22,22.3,20.43,HCLTECH
DIIs +,7.67,7.98,8.63,8.42,9.11,10.01,10.62,10.25,10.54,11.34,12.47,13.74,HCLTECH
Government +,0.01,0.01,0.01,0.04,0.04,0.04,0.04,0.04,0.02,0.02,0.02,0.02,HCLTECH
Public +,3.58,3.38,3.4,3.9,4.1,4.0,4.09,4.46,4.97,5.09,4.88,5.28,HCLTECH
Others +,0.0,0.0,0.0,0.0,0.0,0.0,0.0,0.0,0.0,0.0,0.0,0.2,HCLTECH
Unnamed: 0,Mar 2019,Jun 2019,Sep 2019,Dec 2019,Mar 2020,Jun 2020,Sep 2020,Dec 2020,Mar 2021,Jun 2021,Sep 2021,Dec 2021,Stockname
FIIs +,72.44,74.69,72.52,72.75,70.88,70.17,70.0,71.95,72.78,72.22,71.95,72.14,HDFC
DIIs +,16.46,14.63,16.47,16.47,17.84,18.29,18.45,17.12,16.13,16.47,16.85,16.59,HDFC
Government +,0.21,0.13,0.15,0.18,0.2,0.22,0.22,0.22,0.22,0.14,0.14,0.14,HDFC
Public +,10.89,10.55,10.87,10.6,11.08,11.32,11.33,10.72,10.88,11.18,11.06,11.13,HDFC
Unnamed: 0,Mar 2019,Jun 2019,Sep 2019,Dec 2019,Mar 2020,Jun 2020,Sep 2020,Dec 2020,Mar 2021,Jun 2021,Sep 2021,Dec 2021,Stockname
Promoters +,82.72,82.71,82.7,79.67,79.61,73.95,73.93,73.92,73.92,73.88,68.85,68.84,HDFCAMC
FIIs +,4.17,4.73,5.78,8.14,8.0,10.7,8.79,9.11,9.37,9.14,8.95,10.54,HDFCAMC
DIIs +,2.21,2.27,1.68,0.91,1.4,3.2,1.74,5.63,5.95,6.57,7.58,9.44,HDFCAMC
Public +,10.9,10.29,9.84,11.27,10.99,12.14,15.53,11.34,10.76,10.41,14.62,11.19,HDFCAMC
Unnamed: 0,Mar 2019,Jun 2019,Sep 2019,Dec 2019,Mar 2020,Jun 2020,Sep 2020,Dec 2020,Mar 2021,Jun 2021,Sep 2021,Dec 2021,Stockname
Promoters +,26.5,26.25,26.21,26.18,26.14,26.1,26.02,26.0,25.97,25.89,25.83,25.8,HDFCBANK
FIIs +,38.71,38.64,37.64,37.92,36.68,37.04,37.43,39.35,39.79,39.39,38.23,37.47,HDFCBANK
DIIs +,16.41,16.86,21.05,20.86,21.74,21.85,22.66,21.47,20.99,21.46,22.53,22.97,HDFCBANK
Government +,0.2,0.21,0.21,0.21,0.23,0.25,0.24,0.24,0.24,0.16,0.16,0.16,HDFCBANK
Public +,18.19,18.05,14.89,14.83,15.21,14.76,13.65,12.95,13.01,13.1,13.25,13.6,HDFCBANK
Unnamed: 0,Mar 2019,Jun 2019,Sep 2019,Dec 2019,Mar 2020,Jun 2020,Sep 2020,Dec 2020,Mar 2021,Jun 2021,Sep 2021,Dec 2021,Stockname
Promoters +,76.14,74.49,71.16,66.18,63.69,60.41,60.4,58.87,58.86,53.84,53.81,53.77,HDFCLIFE
FIIs +,10.52,11.75,15.94,19.94,21.07,23.55,23.44,24.85,25.67,26.06,30.12,30.45,HDFCLIFE
DIIs +,3.4,4.89,4.4,4.96,6.08,7.29,7.28,7.09,6.25,5.87,6.67,6.08,HDFCLIFE
Public +,9.92,8.84,8.47,8.89,9.13,8.72,8.85,9.16,9.2,14.21,9.38,9.68,HDFCLIFE
Others +,0.03,0.03,0.03,0.03,0.03,0.03,0.03,0.03,0.03,0.03,0.03,0.03,HDFCLIFE
Unnamed: 0,Mar 2019,Jun 2019,Sep 2019,Dec 2019,Mar 2020,Jun 2020,Sep 2020,Dec 2020,Mar 2021,Jun 2021,Sep 2021,Dec 2021,Stockname
Promoters +,34.63,34.63,34.63,34.63,34.63,34.77,34.76,34.76,34.76,34.76,34.76,34.75,HEROMOTOCO
FIIs +,38.19,35.2,36.48,35.29,34.27,32.71,33.29,35.89,37.19,34.97,32.28,29.57,HEROMOTOCO
DIIs +,16.08,18.6,19.16,19.56,19.89,21.72,22.85,19.98,18.68,20.23,21.97,23.69,HEROMOTOCO
Public +,11.1,11.57,9.73,10.52,11.21,10.8,9.1,9.37,9.37,10.05,11.0,11.99,HEROMOTOCO
Unnamed: 0,Mar 2019,Jun 2019,Sep 2019,Dec 2019,Mar 2020,Jun 2020,Sep 2020,Dec 2020,Mar 2021,Jun 2021,Sep 2021,Dec 2021,Stockname
Promoters +,67.19,67.18,67.18,67.18,67.18,61.9,61.9,61.9,61.9,61.9,61.9,61.9,HINDUNILVR
FIIs +,11.83,12.06,12.4,12.32,12.1,14.81,14.54,14.92,14.95,15.11,15.45,14.71,HINDUNILVR
DIIs +,7.03,6.93,6.67,6.68,6.67,8.34,10.82,10.72,10.68,10.75,10.48,10.85,HINDUNILVR
Public +,13.95,13.82,13.74,13.82,14.05,14.95,12.74,12.46,12.47,12.24,12.17,12.53,HINDUNILVR
Unnamed: 0,Mar 2019,Jun 2019,Sep 2019,Dec 2019,Mar 2020,Jun 2020,Sep 2020,Dec 2020,Mar 2021,Jun 2021,Sep 2021,Dec 2021,Stockname
Promoters +,61.87,61.87,61.87,61.87,62.62,62.62,62.62,62.62,62.62,62.62,62.62,62.62,HNDFDS
FIIs +,9.94,10.0,10.08,10.19,6.62,6.56,6.62,6.63,6.59,6.58,6.57,6.5,HNDFDS
DIIs +,1.95,5.04,5.46,5.46,7.4,7.41,7.61,7.56,7.34,6.96,6.94,6.92,HNDFDS
Public +,26.25,23.09,22.59,22.49,23.36,23.41,23.14,23.18,23.44,23.84,23.86,23.95,HNDFDS
Unnamed: 0,Mar 2019,Jun 2019,Sep 2019,Dec 2019,Mar 2020,Jun 2020,Sep 2020,Dec 2020,Mar 2021,Jun 2021,Sep 2021,Dec 2021,Stockname
FIIs +,43.05,43.23,40.82,45.82,43.73,42.99,45.69,47.46,47.81,48.03,47.31,45.3,ICICIBANK
DIIs +,45.41,45.34,47.69,43.13,44.58,45.73,43.7,42.46,41.7,41.7,42.49,43.75,ICICIBANK
Government +,0.33,0.4,0.39,0.39,0.39,0.42,0.41,0.42,0.43,0.25,0.25,0.24,ICICIBANK
Public +,11.21,11.03,11.1,10.66,11.31,10.87,10.2,9.66,10.06,10.02,9.95,10.7,ICICIBANK
Unnamed: 0,Mar 2019,Jun 2019,Sep 2019,Dec 2019,Mar 2020,Jun 2020,Sep 2020,Dec 2020,Mar 2021,Jun 2021,Sep 2021,Dec 2021,Stockname
Promoters +,55.87,55.86,55.86,55.86,55.86,51.89,51.89,51.89,51.88,51.87,48.08,48.05,ICICIGI
FIIs +,13.24,18.53,20.84,24.0,23.39,26.61,27.1,28.41,29.08,29.75,27.73,28.12,ICICIGI
DIIs +,7.95,5.98,10.85,12.53,13.18,14.03,13.59,12.52,11.96,11.69,10.54,13.47,ICICIGI
Public +,22.94,19.63,12.45,7.61,7.57,7.47,7.42,7.18,7.08,6.69,13.65,10.36,ICICIGI
Unnamed: 0,Mar 2019,Jun 2019,Sep 2019,Dec 2019,Mar 2020,Jun 2020,Sep 2020,Dec 2020,Mar 2021,Jun 2021,Sep 2021,Dec 2021,Stockname
Promoters +,74.98,74.98,74.98,74.98,74.98,73.48,73.48,73.48,73.48,73.45,73.42,73.41,ICICIPRULI
FIIs +,10.08,11.48,12.12,13.3,13.34,15.06,15.78,16.28,16.51,17.17,17.17,16.92,ICICIPRULI
DIIs +,6.54,6.33,6.71,5.52,5.54,5.23,4.63,4.71,4.29,4.11,4.14,4.26,ICICIPRULI
Public +,8.4,7.21,6.19,6.2,6.14,6.23,6.11,5.53,5.72,5.27,5.27,5.4,ICICIPRULI
Unnamed: 0,Mar 2019,Jun 2019,Sep 2019,Dec 2019,Mar 2020,Jun 2020,Sep 2020,Dec 2020,Mar 2021,Jun 2021,Sep 2021,Dec 2021,Stockname
Promoters +,12.84,13.04,13.15,13.15,13.15,13.15,12.95,12.95,12.95,12.95,13.12,13.12,INFY
FIIs +,34.04,33.32,33.51,31.76,31.01,30.47,31.31,32.26,32.67,33.39,33.46,33.17,INFY
DIIs +,22.87,23.02,22.79,23.99,24.68,25.43,24.97,23.75,23.1,21.98,15.66,16.31,INFY
Public +,29.78,30.15,30.1,30.66,30.73,30.53,30.37,30.66,30.92,31.32,37.41,37.06,INFY
Others +,0.47,0.47,0.44,0.44,0.43,0.42,0.4,0.38,0.36,0.36,0.35,0.34,INFY
Unnamed: 0,Mar 2019,Jun 2019,Sep 2019,Dec 2019,Mar 2020,Jun 2020,Sep 2020,Dec 2020,Mar 2021,Jun 2021,Sep 2021,Dec 2021,Stockname
Promoters +,79.22,79.22,79.22,79.22,79.22,79.22,77.22,75.0,75.0,74.92,74.91,74.89,ISEC
FIIs +,1.4,1.56,2.69,2.74,3.16,3.75,3.98,4.6,3.74,5.68,6.29,6.58,ISEC
DIIs +,13.82,12.42,12.04,11.85,11.45,10.18,10.06,9.93,9.04,7.34,7.51,7.79,ISEC
Public +,5.55,6.79,6.05,6.19,6.17,6.84,8.74,10.47,12.23,12.06,11.29,10.74,ISEC
Unnamed: 0,Mar 2019,Jun 2019,Sep 2019,Dec 2019,Mar 2020,Jun 2020,Sep 2020,Dec 2020,Mar 2021,Jun 2021,Sep 2021,Dec 2021,Stockname
FIIs +,17.04,16.75,15.64,15.18,14.65,14.6,12.96,13.31,12.79,11.74,10.81,9.99,ITC
DIIs +,38.2,38.4,42.47,42.58,42.46,42.09,43.54,42.94,42.5,42.4,43.72,43.79,ITC
Public +,44.76,44.85,41.89,42.24,42.89,43.31,43.5,43.75,44.71,45.86,45.47,46.22,ITC
Unnamed: 0,Mar 2019,Jun 2019,Sep 2019,Dec 2019,Mar 2020,Jun 2020,Sep 2020,Dec 2020,Mar 2021,Jun 2021,Sep 2021,Dec 2021,Stockname
Promoters +,41.94,41.94,41.94,41.94,41.94,41.94,41.94,41.94,41.94,41.94,41.94,41.94,JUBLFOOD
FIIs +,38.82,35.89,34.49,32.65,30.94,36.19,37.86,39.43,40.87,41.72,41.41,39.77,JUBLFOOD
DIIs +,9.99,11.36,17.06,18.94,20.65,15.69,14.45,12.75,11.36,10.63,10.86,11.37,JUBLFOOD
Government +,0.3,0.44,0.42,0.44,0.41,0.44,0.32,0.32,0.32,0.14,0.13,0.13,JUBLFOOD
Public +,8.73,10.17,5.9,5.84,5.88,5.55,5.24,5.35,5.34,5.37,5.45,6.6,JUBLFOOD
Others +,0.21,0.2,0.2,0.19,0.19,0.19,0.19,0.21,0.17,0.21,0.21,0.19,JUBLFOOD
Unnamed: 0,Mar 2019,Jun 2019,Sep 2019,Dec 2019,Mar 2020,Jun 2020,Sep 2020,Dec 2020,Mar 2021,Jun 2021,Sep 2021,Dec 2021,Stockname
Promoters +,29.99,29.98,29.97,29.96,29.92,26.07,26.05,26.03,26.02,26.0,26.0,25.99,KOTAKBANK
FIIs +,40.27,40.52,40.15,39.75,39.17,42.15,42.23,45.09,44.23,42.77,42.58,42.06,KOTAKBANK
DIIs +,11.51,11.74,12.26,12.38,12.64,15.27,15.26,12.92,13.53,14.62,15.29,15.49,KOTAKBANK
Public +,18.23,17.75,17.62,17.92,18.26,16.51,16.46,15.96,16.22,16.61,16.13,16.46,KOTAKBANK
Unnamed: 0,Dec 2021,Stockname
Promoters +,68.1,LATENTVIEW
FIIs +,2.0,LATENTVIEW
DIIs +,3.59,LATENTVIEW
Public +,26.31,LATENTVIEW
Unnamed: 0,Mar 2019,Jun 2019,Sep 2019,Dec 2019,Mar 2020,Jun 2020,Sep 2020,Dec 2020,Mar 2021,Jun 2021,Sep 2021,Dec 2021,Stockname
Promoters +,74.8,74.79,74.62,74.58,74.53,74.51,74.36,74.31,74.27,74.25,74.09,74.07,LTI
FIIs +,7.71,8.03,7.7,9.11,9.46,9.76,11.21,13.29,13.55,13.07,13.25,12.53,LTI
DIIs +,7.12,6.87,8.16,7.16,7.19,7.27,6.41,4.59,4.29,4.77,4.72,5.41,LTI
Public +,10.37,10.31,9.52,9.15,8.81,8.46,8.02,7.81,7.89,7.91,7.94,7.99,LTI
Unnamed: 0,Mar 2019,Jun 2019,Sep 2019,Dec 2019,Mar 2020,Jun 2020,Sep 2020,Dec 2020,Mar 2021,Jun 2021,Sep 2021,Dec 2021,Stockname
Promoters +,78.88,74.97,74.97,74.74,74.62,74.6,74.36,74.27,74.24,74.23,74.15,73.93,LTTS
FIIs +,5.09,8.5,8.93,8.26,8.37,8.95,7.97,8.87,9.06,8.92,9.5,9.23,LTTS
DIIs +,4.43,4.75,4.76,4.52,4.88,4.45,5.83,6.4,6.36,6.68,6.14,5.42,LTTS
Public +,11.6,11.78,11.34,12.48,12.13,12.0,11.83,10.46,10.34,10.17,10.21,11.41,LTTS
Unnamed: 0,Mar 2021,Jun 2021,Sep 2021,Dec 2021,Stockname
Promoters +,72.92,72.92,72.92,72.92,LXCHEM
FIIs +,5.54,3.58,0.87,0.33,LXCHEM
DIIs +,6.05,5.01,3.3,3.28,LXCHEM
Public +,15.49,18.49,22.91,23.47,LXCHEM
Unnamed: 0,Mar 2019,Jun 2019,Sep 2019,Dec 2019,Mar 2020,Jun 2020,Sep 2020,Dec 2020,Mar 2021,Jun 2021,Sep 2021,Dec 2021,Stockname
Promoters +,21.51,19.87,19.84,19.87,19.89,19.6,19.58,19.44,19.45,19.46,19.46,19.47,M&M
FIIs +,31.3,34.49,34.22,33.96,33.88,34.61,34.72,37.9,38.93,40.05,38.92,38.66,M&M
DIIs +,23.44,24.06,27.82,27.81,28.12,29.34,30.68,28.24,27.35,26.12,27.08,27.81,M&M
Government +,0.19,0.23,0.23,0.17,0.17,0.24,0.24,0.24,0.24,0.07,0.07,0.07,M&M
Public +,18.85,16.92,13.49,13.8,13.58,11.95,10.56,10.02,9.91,10.2,10.4,9.95,M&M
Others +,4.71,4.44,4.41,4.39,4.35,4.25,4.22,4.15,4.12,4.1,4.07,4.03,M&M
Unnamed: 0,Mar 2019,Jun 2019,Sep 2019,Dec 2019,Mar 2020,Jun 2020,Sep 2020,Dec 2020,Mar 2021,Jun 2021,Sep 2021,Dec 2021,Stockname
Promoters +,59.71,59.7,59.6,59.6,59.6,59.62,59.61,59.61,59.61,59.61,59.52,59.51,MARICO
FIIs +,26.56,25.72,24.9,23.84,22.69,23.72,23.66,24.16,24.04,24.98,25.92,25.55,MARICO
DIIs +,5.47,5.79,8.63,9.47,10.51,9.75,10.26,9.99,10.06,9.57,8.5,8.59,MARICO
Government +,0.17,0.19,0.19,0.21,0.23,0.23,0.18,0.18,0.18,0.09,0.09,0.09,MARICO
Public +,8.01,8.51,6.6,6.81,6.89,6.6,6.21,5.95,6.01,5.66,5.87,6.17,MARICO
Others +,0.08,0.08,0.08,0.07,0.08,0.08,0.08,0.1,0.1,0.1,0.1,0.1,MARICO
Unnamed: 0,Mar 2019,Jun 2019,Sep 2019,Dec 2019,Mar 2020,Jun 2020,Sep 2020,Dec 2020,Mar 2021,Jun 2021,Sep 2021,Dec 2021,Stockname
Promoters +,56.21,56.21,56.21,56.21,56.28,56.28,56.37,56.37,56.37,56.37,56.37,56.37,MARUTI
FIIs +,22.3,23.16,23.43,23.18,21.63,21.47,21.86,23.09,23.11,22.9,22.52,23.6,MARUTI
DIIs +,13.41,13.45,15.03,15.61,16.69,17.06,16.75,15.66,15.08,15.76,15.98,15.29,MARUTI
Public +,8.09,7.18,5.34,5.0,5.4,5.19,5.02,4.88,5.44,4.97,5.13,4.74,MARUTI
Unnamed: 0,Jun 2019,Sep 2019,Dec 2019,Mar 2020,Jun 2020,Sep 2020,Dec 2020,Mar 2021,Jun 2021,Sep 2021,Dec 2021,Stockname
Promoters +,57.41,57.41,57.41,56.9,50.81,50.57,50.39,50.38,50.37,50.33,49.5,METROPOLIS
FIIs +,15.99,15.71,16.58,16.14,25.31,25.44,27.2,27.24,28.59,30.72,30.06,METROPOLIS
DIIs +,5.72,5.91,5.93,6.1,14.28,16.69,14.63,15.73,14.59,12.26,11.35,METROPOLIS
Public +,20.88,20.97,20.08,20.86,9.6,7.3,7.78,6.65,6.45,6.69,9.09,METROPOLIS
Unnamed: 0,Mar 2019,Jun 2019,Sep 2019,Dec 2019,Mar 2020,Jun 2020,Sep 2020,Dec 2020,Mar 2021,Jun 2021,Sep 2021,Dec 2021,Stockname
Promoters +,70.79,70.79,70.79,70.79,70.79,70.79,70.88,70.88,70.87,69.85,67.47,67.47,MINDAIND
FIIs +,10.95,11.31,11.5,11.27,10.91,10.26,9.65,9.61,9.6,8.95,9.22,9.92,MINDAIND
DIIs +,4.54,4.76,5.25,5.78,6.64,7.47,9.85,10.23,10.49,10.93,13.71,13.14,MINDAIND
Public +,13.72,13.14,12.46,12.16,11.66,11.48,9.62,9.27,9.03,10.27,9.6,9.47,MINDAIND
Unnamed: 0,Mar 2019,Jun 2019,Sep 2019,Dec 2019,Mar 2020,Jun 2020,Sep 2020,Dec 2020,Mar 2021,Jun 2021,Sep 2021,Dec 2021,Stockname
Promoters +,35.55,35.54,35.64,35.18,34.69,34.76,34.76,35.1,35.22,35.13,33.73,32.14,MOLDTKPAC
FIIs +,11.92,11.99,11.65,11.51,10.31,9.52,9.38,9.31,9.14,8.29,9.16,10.34,MOLDTKPAC
DIIs +,10.95,11.09,12.26,12.85,12.82,12.64,12.9,12.84,13.52,14.32,14.99,16.18,MOLDTKPAC
Public +,41.58,41.38,40.45,40.45,42.17,43.07,42.97,42.75,42.12,42.26,42.12,41.34,MOLDTKPAC
Unnamed: 0,Mar 2019,Jun 2019,Sep 2019,Dec 2019,Mar 2020,Jun 2020,Sep 2020,Dec 2020,Mar 2021,Jun 2021,Sep 2021,Dec 2021,Stockname
Promoters +,61.73,61.73,61.73,61.73,61.73,61.73,61.73,61.73,61.73,61.73,61.73,61.73,MOTHERSUMI
FIIs +,18.11,16.36,14.95,16.38,15.5,15.64,15.99,16.09,16.64,16.86,16.4,16.43,MOTHERSUMI
DIIs +,9.72,11.06,13.49,12.58,13.55,13.35,13.62,14.26,13.42,13.02,13.64,13.87,MOTHERSUMI
Public +,10.45,10.85,9.83,9.32,9.22,9.28,8.67,7.92,8.21,8.39,8.24,7.98,MOTHERSUMI
Unnamed: 0,Mar 2021,Jun 2021,Sep 2021,Dec 2021,Stockname
Promoters +,50.25,50.25,50.25,50.25,MTARTECH
FIIs +,3.02,1.9,1.91,2.9,MTARTECH
DIIs +,24.14,24.87,23.03,23.81,MTARTECH
Public +,22.58,22.98,24.81,23.04,MTARTECH
Unnamed: 0,Mar 2019,Jun 2019,Sep 2019,Dec 2019,Mar 2020,Jun 2020,Sep 2020,Dec 2020,Mar 2021,Jun 2021,Sep 2021,Dec 2021,Stockname
Promoters +,73.49,73.49,73.48,73.44,73.43,73.43,73.4,73.4,73.4,73.4,73.37,73.37,MUTHOOTFIN
FIIs +,12.35,13.9,15.03,14.5,14.37,14.56,13.92,15.11,15.99,15.02,14.16,13.67,MUTHOOTFIN
DIIs +,9.83,8.35,7.52,7.84,7.09,7.34,7.71,6.99,6.6,7.72,8.26,8.48,MUTHOOTFIN
Public +,4.33,4.26,3.96,4.22,5.12,4.68,4.97,4.5,4.02,3.86,4.2,4.48,MUTHOOTFIN
Unnamed: 0,Mar 2019,Jun 2019,Sep 2019,Dec 2019,Mar 2020,Jun 2020,Sep 2020,Dec 2020,Mar 2021,Jun 2021,Sep 2021,Dec 2021,Stockname
Promoters +,40.76,40.61,40.55,40.48,40.48,40.37,38.47,38.47,38.41,38.41,38.4,38.4,NAUKRI
FIIs +,33.37,34.25,34.61,36.12,35.45,37.01,39.16,40.54,39.33,37.74,37.77,36.37,NAUKRI
DIIs +,15.16,14.34,14.1,12.92,13.38,12.57,12.83,11.4,11.25,13.26,13.61,14.36,NAUKRI
Public +,10.62,10.57,10.6,10.26,10.48,9.85,9.39,9.48,10.81,10.41,10.11,10.78,NAUKRI
Others +,0.09,0.22,0.14,0.23,0.21,0.2,0.15,0.11,0.2,0.17,0.11,0.08,NAUKRI
Unnamed: 0,Mar 2019,Jun 2019,Sep 2019,Dec 2019,Mar 2020,Jun 2020,Sep 2020,Dec 2020,Mar 2021,Jun 2021,Sep 2021,Dec 2021,Stockname
Promoters +,31.04,31.03,31.03,31.03,30.51,30.51,30.51,30.51,30.22,30.22,30.2,30.19,NAVINFLUOR
FIIs +,16.19,15.8,17.13,18.0,19.02,19.41,21.06,24.53,25.1,26.65,26.43,25.25,NAVINFLUOR
DIIs +,17.9,18.48,17.86,17.4,18.63,18.87,20.33,16.88,15.82,15.18,15.17,15.98,NAVINFLUOR
Public +,34.88,34.68,33.97,33.57,31.84,31.21,28.1,28.08,28.86,27.95,28.2,28.58,NAVINFLUOR
Unnamed: 0,Mar 2019,Jun 2019,Sep 2019,Dec 2019,Mar 2020,Jun 2020,Sep 2020,Dec 2020,Mar 2021,Jun 2021,Sep 2021,Dec 2021,Stockname
Promoters +,62.76,62.76,62.76,62.76,62.76,62.76,62.76,62.76,62.76,62.76,62.76,62.76,NESTLEIND
FIIs +,12.55,12.95,12.61,12.07,11.81,12.1,11.51,12.84,12.29,12.43,12.31,12.35,NESTLEIND
DIIs +,7.69,7.49,8.52,8.92,9.12,8.71,8.91,7.75,7.95,7.92,7.99,7.89,NESTLEIND
Government +,0.07,0.07,0.07,0.07,0.07,0.07,0.0,0.0,0.0,0.0,0.0,0.0,NESTLEIND
Public +,16.93,16.73,16.04,16.18,16.24,16.36,16.82,16.65,16.99,16.88,16.93,16.99,NESTLEIND
Unnamed: 0,Sep 2021,Dec 2021,Stockname
Promoters +,58.94,58.94,PARAS
FIIs +,4.36,0.8,PARAS
DIIs +,7.6,3.41,PARAS
Public +,29.1,36.85,PARAS
Unnamed: 0,Mar 2019,Jun 2019,Sep 2019,Dec 2019,Mar 2020,Jun 2020,Sep 2020,Dec 2020,Mar 2021,Jun 2021,Sep 2021,Dec 2021,Stockname
Promoters +,70.64,70.64,70.64,70.64,70.64,70.64,70.64,70.64,70.64,70.64,70.64,70.64,PGHH
FIIs +,3.41,3.38,3.36,3.32,2.79,2.57,2.45,2.46,2.52,2.53,2.57,2.63,PGHH
DIIs +,10.79,11.13,12.1,12.17,12.87,13.14,13.51,13.53,13.5,13.57,13.48,13.48,PGHH
Government +,0.03,0.03,0.03,0.03,0.03,0.03,0.0,0.0,0.0,0.0,0.0,0.0,PGHH
Public +,15.14,14.82,13.87,13.84,13.68,13.62,13.4,13.38,13.34,13.27,13.31,13.26,PGHH
Unnamed: 0,Mar 2019,Jun 2019,Sep 2019,Dec 2019,Mar 2020,Jun 2020,Sep 2020,Dec 2020,Mar 2021,Jun 2021,Sep 2021,Dec 2021,Stockname
Promoters +,69.75,69.75,69.71,69.98,69.92,70.19,70.19,70.19,70.16,70.13,69.99,69.98,PIDILITIND
FIIs +,11.71,11.46,11.1,11.25,11.5,11.17,10.9,11.39,11.88,12.08,11.78,11.66,PIDILITIND
DIIs +,7.71,7.91,8.72,8.21,7.9,8.04,8.67,8.24,7.59,7.15,7.29,7.48,PIDILITIND
Government +,0.06,0.06,0.06,0.06,0.05,0.07,0.0,0.0,0.0,0.0,0.0,0.0,PIDILITIND
Public +,10.76,10.82,10.4,10.5,10.63,10.54,10.24,10.18,10.37,10.64,10.94,10.88,PIDILITIND
Unnamed: 0,Mar 2019,Jun 2019,Sep 2019,Dec 2019,Mar 2020,Jun 2020,Sep 2020,Dec 2020,Mar 2021,Jun 2021,Sep 2021,Dec 2021,Stockname
Promoters +,51.38,51.38,51.38,51.35,51.35,51.35,46.75,46.75,46.74,46.74,46.74,46.74,PIIND
FIIs +,13.09,13.97,14.69,13.77,12.13,11.72,14.72,19.51,19.35,19.64,19.71,18.88,PIIND
DIIs +,19.02,17.8,19.93,20.45,21.62,19.11,25.83,21.32,21.27,21.98,21.65,22.98,PIIND
Public +,16.34,16.72,13.89,14.3,14.79,17.72,12.63,12.36,12.57,11.58,11.85,11.35,PIIND
Others +,0.17,0.14,0.12,0.12,0.11,0.1,0.08,0.07,0.06,0.06,0.05,0.04,PIIND
Unnamed: 0,Jun 2019,Sep 2019,Dec 2019,Mar 2020,Jun 2020,Sep 2020,Dec 2020,Mar 2021,Jun 2021,Sep 2021,Dec 2021,Stockname
Promoters +,68.69,68.69,68.6,68.58,68.55,68.53,68.44,68.42,68.4,68.36,68.15,POLYCAB
FIIs +,3.33,3.75,4.64,4.89,4.51,6.12,6.97,6.38,6.51,6.89,6.43,POLYCAB
DIIs +,14.42,14.27,13.39,13.23,12.92,12.2,10.29,9.91,8.8,8.78,8.66,POLYCAB
Public +,13.56,13.29,13.36,13.3,14.02,13.14,14.3,15.29,16.29,15.97,16.77,POLYCAB
Unnamed: 0,Dec 2019,Mar 2020,Jun 2020,Sep 2020,Dec 2020,Mar 2021,Jun 2021,Sep 2021,Dec 2021,Stockname
Promoters +,63.25,63.25,63.25,63.25,63.25,63.25,63.25,63.25,62.94,PRINCEPIPE
FIIs +,0.65,0.92,0.66,0.83,0.83,2.43,3.05,3.6,4.84,PRINCEPIPE
DIIs +,14.75,19.29,18.82,17.48,16.24,15.6,12.46,11.77,13.75,PRINCEPIPE
Public +,21.35,16.54,17.27,18.44,19.69,18.72,21.24,21.38,18.47,PRINCEPIPE
Unnamed: 0,Mar 2019,Jun 2019,Sep 2019,Dec 2019,Mar 2020,Jun 2020,Sep 2020,Dec 2020,Mar 2021,Jun 2021,Sep 2021,Dec 2021,Stockname
Promoters +,71.02,71.02,71.02,70.98,70.98,70.98,70.98,70.92,70.92,70.92,70.92,70.78,RELAXO
FIIs +,2.74,2.69,2.82,2.9,2.95,3.28,3.39,3.67,3.88,3.49,3.56,3.81,RELAXO
DIIs +,6.15,6.15,6.3,6.25,6.42,6.66,6.96,7.04,7.0,7.34,7.17,7.08,RELAXO
Public +,20.09,20.14,19.86,19.88,19.65,19.09,18.68,18.37,18.2,18.25,18.35,18.33,RELAXO
Unnamed: 0,Mar 2019,Jun 2019,Sep 2019,Dec 2019,Mar 2020,Jun 2020,Sep 2020,Dec 2020,Mar 2021,Jun 2021,Sep 2021,Dec 2021,Stockname
Promoters +,47.27,47.29,50.05,50.03,50.07,50.37,50.49,50.54,50.58,50.59,50.61,50.61,RELIANCE
FIIs +,24.39,24.4,23.76,24.54,24.08,24.75,25.23,25.18,25.66,25.11,25.41,24.75,RELIANCE
DIIs +,11.86,11.72,14.36,13.75,13.78,13.58,13.15,12.9,12.62,13.09,13.2,13.62,RELIANCE
Government +,0.18,0.18,0.19,0.19,0.2,0.21,0.2,0.2,0.2,0.18,0.18,0.17,RELIANCE
Public +,16.29,16.42,11.65,11.49,11.87,11.1,10.93,11.19,10.94,11.03,10.6,10.85,RELIANCE
Unnamed: 0,Sep 2020,Dec 2020,Mar 2021,Jun 2021,Sep 2021,Dec 2021,Stockname
Promoters +,72.69,72.69,72.69,68.7,68.56,68.56,ROSSARI
FIIs +,4.07,6.21,7.04,7.82,8.46,9.13,ROSSARI
DIIs +,15.08,13.84,12.66,13.6,12.87,12.77,ROSSARI
Public +,8.17,7.26,7.61,9.88,10.1,9.54,ROSSARI
Unnamed: 0,Mar 2020,Jun 2020,Sep 2020,Dec 2020,Mar 2021,Jun 2021,Sep 2021,Dec 2021,Stockname
Promoters +,69.55,69.53,69.46,69.4,69.4,69.5,69.37,69.47,SBICARD
FIIs +,4.07,4.23,5.93,5.84,8.62,12.47,13.07,10.28,SBICARD
DIIs +,3.79,3.29,3.23,3.9,5.97,6.69,9.71,11.92,SBICARD
Public +,22.59,22.95,21.38,20.86,16.01,11.34,7.86,8.33,SBICARD
Unnamed: 0,Mar 2019,Jun 2019,Sep 2019,Dec 2019,Mar 2020,Jun 2020,Sep 2020,Dec 2020,Mar 2021,Jun 2021,Sep 2021,Dec 2021,Stockname
Promoters +,57.92,57.88,57.88,57.68,57.63,57.64,57.63,57.64,57.63,57.62,57.62,57.6,SBIN
FIIs +,9.87,10.85,10.83,10.98,9.59,7.91,7.75,9.82,9.94,10.34,10.55,10.37,SBIN
DIIs +,24.48,23.77,24.35,24.51,24.55,24.7,25.29,24.88,24.4,24.19,24.17,24.1,SBIN
Government +,0.05,0.05,0.05,0.05,0.11,0.2,0.2,0.2,0.2,0.15,0.15,0.15,SBIN
Public +,7.68,7.45,6.89,6.78,8.12,9.55,9.13,7.46,7.83,7.7,7.51,7.78,SBIN
Unnamed: 0,Mar 2019,Jun 2019,Sep 2019,Dec 2019,Mar 2020,Jun 2020,Sep 2020,Dec 2020,Mar 2021,Jun 2021,Sep 2021,Dec 2021,Stockname
Promoters +,49.7,49.7,49.7,49.7,49.94,48.85,48.85,48.85,48.85,48.85,48.85,48.85,SUPREMEIND
FIIs +,8.46,8.38,8.12,8.17,8.03,8.49,8.94,8.84,8.95,10.82,10.38,16.16,SUPREMEIND
DIIs +,21.73,22.82,23.31,23.52,24.01,24.79,24.68,24.71,24.78,24.66,25.3,19.7,SUPREMEIND
Public +,20.11,19.1,18.87,18.61,18.03,17.87,17.52,17.6,17.42,15.67,15.47,15.29,SUPREMEIND
Unnamed: 0,Mar 2019,Jun 2019,Sep 2019,Dec 2019,Mar 2020,Jun 2020,Sep 2020,Dec 2020,Mar 2021,Jun 2021,Sep 2021,Dec 2021,Stockname
Promoters +,30.63,30.63,30.63,31.08,34.59,34.59,35.47,37.98,37.98,37.98,37.98,37.98,TATACHEM
FIIs +,10.09,10.74,9.39,9.8,9.3,11.23,9.06,12.28,14.03,13.02,14.45,13.96,TATACHEM
DIIs +,37.85,37.64,38.88,38.32,34.17,31.96,29.16,24.63,20.77,19.66,20.02,18.32,TATACHEM
Government +,0.03,0.03,0.03,0.03,0.03,0.03,0.03,0.03,0.03,0.03,0.03,0.03,TATACHEM
Public +,21.4,20.97,21.08,20.77,21.92,22.2,26.29,25.08,27.19,29.31,27.53,29.71,TATACHEM
Unnamed: 0,Mar 2019,Jun 2019,Sep 2019,Dec 2019,Mar 2020,Jun 2020,Sep 2020,Dec 2020,Mar 2021,Jun 2021,Sep 2021,Dec 2021,Stockname
Promoters +,34.45,34.45,34.45,34.45,34.69,34.69,34.7,34.71,34.71,34.71,34.71,34.72,TATACONSUM
FIIs +,25.37,26.61,27.8,26.04,17.08,19.49,21.65,25.68,25.24,25.02,25.93,25.67,TATACONSUM
DIIs +,13.67,13.12,12.83,14.89,21.8,19.83,17.69,13.62,12.55,13.99,13.3,13.41,TATACONSUM
Government +,0.0,0.0,0.0,0.0,0.01,0.01,0.01,0.01,0.01,0.01,0.01,0.01,TATACONSUM
Public +,26.5,25.81,24.91,24.62,26.42,25.97,25.95,25.97,27.48,26.27,26.04,26.2,TATACONSUM
Unnamed: 0,Mar 2019,Jun 2019,Sep 2019,Dec 2019,Mar 2020,Jun 2020,Sep 2020,Dec 2020,Mar 2021,Jun 2021,Sep 2021,Dec 2021,Stockname
Promoters +,44.53,44.53,44.53,44.53,44.53,44.53,44.53,44.53,44.53,44.53,44.53,44.32,TATAELXSI
FIIs +,9.56,8.75,7.7,9.05,10.71,10.54,11.75,12.62,12.07,11.81,12.71,11.93,TATAELXSI
DIIs +,5.27,5.3,5.27,2.52,3.68,4.05,4.62,4.82,5.32,5.77,4.96,5.55,TATAELXSI
Public +,40.64,41.42,42.5,43.9,41.09,40.88,39.1,38.03,38.08,37.89,37.8,38.21,TATAELXSI
Unnamed: 0,Mar 2019,Jun 2019,Sep 2019,Dec 2019,Mar 2020,Jun 2020,Sep 2020,Dec 2020,Mar 2021,Jun 2021,Sep 2021,Dec 2021,Stockname
Promoters +,38.37,38.37,38.37,42.39,42.39,42.39,42.39,42.39,46.41,46.41,46.41,46.4,TATAMOTORS
FIIs +,19.14,19.51,18.95,18.32,16.84,15.62,15.84,15.61,13.78,14.28,13.35,14.57,TATAMOTORS
DIIs +,16.1,15.83,15.5,14.89,13.42,13.22,13.06,12.56,11.91,11.47,13.3,13.64,TATAMOTORS
Government +,0.17,0.17,0.17,0.16,0.16,0.16,0.16,0.16,0.15,0.15,0.15,0.14,TATAMOTORS
Public +,26.22,26.12,27.01,24.24,27.19,28.6,28.55,29.27,27.75,27.69,26.8,25.24,TATAMOTORS
Unnamed: 0,Mar 2019,Jun 2019,Sep 2019,Dec 2019,Mar 2020,Jun 2020,Sep 2020,Dec 2020,Mar 2021,Jun 2021,Sep 2021,Dec 2021,Stockname
Promoters +,33.0,33.0,36.21,36.21,37.22,37.22,46.86,46.86,46.86,46.86,46.86,46.86,TATAPOWER
FIIs +,26.57,25.96,24.16,20.99,18.62,12.89,10.85,12.44,12.17,11.26,11.06,10.84,TATAPOWER
DIIs +,24.66,24.65,23.44,26.27,26.89,30.42,25.88,23.72,20.06,16.62,19.9,15.58,TATAPOWER
Government +,0.26,0.26,0.45,0.45,0.95,0.95,0.8,0.8,0.8,0.54,0.54,0.32,TATAPOWER
Public +,15.52,16.13,15.74,16.08,16.33,18.52,15.61,16.18,20.11,24.73,21.64,26.41,TATAPOWER
Unnamed: 0,Mar 2019,Jun 2019,Sep 2019,Dec 2019,Mar 2020,Jun 2020,Sep 2020,Dec 2020,Mar 2021,Jun 2021,Sep 2021,Dec 2021,Stockname
Promoters +,33.12,33.12,33.12,33.12,34.41,34.41,34.41,34.41,34.41,34.41,34.41,33.92,TATASTEEL
FIIs +,14.6,13.79,13.65,15.34,12.39,11.84,11.45,16.87,18.56,21.94,22.38,21.36,TATASTEEL
DIIs +,29.06,30.26,30.13,29.27,29.66,29.79,29.87,25.84,25.16,19.28,18.28,18.11,TATASTEEL
Government +,0.11,0.11,0.11,0.2,0.22,0.22,0.25,0.25,0.25,0.1,0.1,0.1,TATASTEEL
Public +,23.11,22.72,22.99,22.08,23.32,23.73,24.02,22.62,21.62,24.27,24.83,26.51,TATASTEEL
Unnamed: 0,Mar 2019,Jun 2019,Sep 2019,Dec 2019,Mar 2020,Jun 2020,Sep 2020,Dec 2020,Mar 2021,Jun 2021,Sep 2021,Dec 2021,Stockname
Promoters +,72.05,72.05,72.05,72.05,72.05,72.05,72.05,72.05,72.19,72.19,72.19,72.19,TCS
FIIs +,15.8,15.88,15.52,15.9,15.74,15.85,16.0,15.88,15.62,15.43,15.37,14.98,TCS
DIIs +,7.78,7.87,8.21,8.04,8.0,8.02,7.85,7.71,7.83,7.97,7.89,7.93,TCS
Government +,0.05,0.06,0.06,0.06,0.06,0.07,0.07,0.07,0.06,0.04,0.04,0.04,TCS
Public +,4.32,4.15,4.17,3.95,4.14,4.01,4.03,4.29,4.31,4.38,4.51,4.86,TCS
Unnamed: 0,Mar 2019,Jun 2019,Sep 2019,Dec 2019,Mar 2020,Jun 2020,Sep 2020,Dec 2020,Mar 2021,Jun 2021,Sep 2021,Dec 2021,Stockname
Promoters +,35.87,35.9,35.88,35.87,35.85,35.83,35.82,35.79,35.76,35.73,35.7,35.67,TECHM
FIIs +,38.81,38.94,37.75,39.75,39.67,39.62,37.96,39.05,38.32,36.15,35.55,35.36,TECHM
DIIs +,11.66,11.86,14.21,12.94,13.2,13.03,14.23,13.54,14.39,16.5,16.9,17.22,TECHM
Government +,0.17,0.17,0.17,0.17,0.17,0.17,0.17,0.17,0.17,0.17,0.17,0.17,TECHM
Public +,13.49,13.12,11.98,11.26,11.11,11.34,11.82,11.45,11.36,11.44,11.67,11.58,TECHM
Others +,0.01,0.01,0.01,0.01,0.01,0.01,0.01,0.01,0.01,0.01,0.01,0.01,TECHM
Unnamed: 0,Mar 2019,Jun 2019,Sep 2019,Dec 2019,Mar 2020,Jun 2020,Sep 2020,Dec 2020,Mar 2021,Jun 2021,Sep 2021,Dec 2021,Stockname
Promoters +,52.91,52.91,52.91,52.91,52.91,52.91,52.9,52.9,52.9,52.9,52.9,52.9,TITAN
FIIs +,19.24,19.64,18.77,18.31,17.74,17.55,18.05,18.59,18.1,18.41,19.06,18.56,TITAN
DIIs +,7.21,6.69,8.66,9.1,10.87,10.81,10.97,10.86,11.13,9.87,10.1,10.29,TITAN
Government +,0.17,0.17,0.17,0.18,0.23,0.36,0.35,0.35,0.35,0.21,0.16,0.16,TITAN
Public +,20.47,20.6,19.5,19.5,18.26,18.38,17.73,17.3,17.53,18.61,17.78,18.09,TITAN
Unnamed: 0,Mar 2019,Jun 2019,Sep 2019,Dec 2019,Mar 2020,Jun 2020,Sep 2020,Dec 2020,Mar 2021,Jun 2021,Sep 2021,Dec 2021,Stockname
Promoters +,32.61,32.61,37.01,37.01,37.01,37.01,37.01,37.01,37.01,37.01,37.01,37.01,TRENT
FIIs +,22.19,22.13,20.98,20.9,21.18,20.86,23.13,29.41,29.9,30.28,30.13,28.94,TRENT
DIIs +,16.9,17.14,15.89,15.86,15.59,15.93,14.63,10.03,10.27,10.68,11.15,12.47,TRENT
Public +,28.29,28.11,26.12,26.23,26.22,26.2,25.24,23.55,22.83,22.03,21.71,21.58,TRENT
Unnamed: 0,Mar 2019,Jun 2019,Sep 2019,Dec 2019,Mar 2020,Jun 2020,Sep 2020,Dec 2020,Mar 2021,Jun 2021,Sep 2021,Dec 2021,Stockname
Promoters +,70.77,71.06,71.06,71.06,71.06,71.07,71.84,73.02,73.02,73.02,73.02,72.94,TRIDENT
FIIs +,1.8,2.09,2.25,2.17,2.05,1.68,1.6,1.61,1.68,1.6,2.14,2.48,TRIDENT
DIIs +,0.24,0.22,0.17,0.08,0.05,0.06,0.02,0.01,0.02,0.01,0.01,0.02,TRIDENT
Government +,0.92,0.92,0.92,0.92,0.92,0.92,0.92,0.92,0.92,0.92,0.92,1.87,TRIDENT
Public +,26.26,25.7,25.6,25.77,25.91,26.27,25.61,22.48,22.4,22.48,21.99,20.87,TRIDENT
Others +,0.0,0.0,0.0,0.0,0.0,0.0,0.0,1.96,1.96,1.96,1.92,1.82,TRIDENT
Unnamed: 0,Mar 2019,Jun 2019,Sep 2019,Dec 2019,Mar 2020,Jun 2020,Sep 2020,Dec 2020,Mar 2021,Jun 2021,Sep 2021,Dec 2021,Stockname
Promoters +,30.3,30.3,30.3,30.3,30.3,30.3,30.3,30.3,30.3,30.3,30.3,30.3,VOLTAS
FIIs +,13.67,12.99,10.19,10.91,9.87,10.71,12.44,14.55,14.38,17.24,22.31,24.42,VOLTAS
DIIs +,34.69,35.89,39.05,38.18,39.63,38.88,38.94,37.36,37.22,33.87,31.61,29.76,VOLTAS
Government +,0.42,0.41,0.41,0.41,0.41,0.46,0.29,0.24,0.24,0.24,0.24,0.21,VOLTAS
Public +,20.92,20.41,20.06,20.2,19.79,19.65,18.03,17.54,17.86,18.34,15.53,15.32,VOLTAS
Unnamed: 0,Mar 2019,Jun 2019,Sep 2019,Dec 2019,Mar 2020,Jun 2020,Sep 2020,Dec 2020,Mar 2021,Jun 2021,Sep 2021,Dec 2021,Stockname
Promoters +,73.85,73.83,74.04,74.04,74.04,74.02,74.02,74.01,73.02,73.02,73.02,73.01,WIPRO
FIIs +,8.93,8.24,8.35,8.42,8.45,7.84,8.39,8.46,9.21,9.83,9.69,9.34,WIPRO
DIIs +,6.5,6.86,6.97,7.0,7.02,7.61,6.49,6.08,6.16,5.69,2.05,2.77,WIPRO
Public +,10.26,10.64,10.2,10.11,10.09,10.13,10.72,11.09,11.25,11.11,14.92,14.59,WIPRO
Others +,0.45,0.43,0.43,0.43,0.4,0.39,0.38,0.36,0.35,0.34,0.32,0.29,WIPRO
