_id_x,EOD_INDEX_NAME,EOD_OPEN_INDEX_VAL,EOD_HIGH_INDEX_VAL,EOD_CLOSE_INDEX_VAL,EOD_LOW_INDEX_VAL,EOD_TIMESTAMP,TIMESTAMP,_id_y,HIT_INDEX_NAME_UPPER,HIT_TRADED_QTY,HIT_TURN_OVER,HIT_TIMESTAMP
6592aa711e6359ceef424939,NIFTY 50,21727.75,21834.35,21741.9,21680.85,01-JAN-2024,2023-12-31T18:30:00.000Z,6592c7bd4bdd403089e6fb67,NIFTY 50,153995217.0,14184.09,01-01-2024
6593fbee596f6c316ecdd9a0,NIFTY 50,21751.35,21755.6,21665.8,21555.65,02-JAN-2024,2024-01-01T18:30:00.000Z,65940dfb1d7188351c3a0449,NIFTY 50,263711568.0,25316.13,02-01-2024
65954d6dbcb23663b7f81d01,NIFTY 50,21661.1,21677.0,21517.35,21500.35,03-JAN-2024,2024-01-02T18:30:00.000Z,659563b543f73369199c7d81,NIFTY 50,311933117.0,32329.23,03-01-2024
65969ef197142e2d6f345d11,NIFTY 50,21605.8,21685.65,21658.6,21564.55,04-JAN-2024,2024-01-03T18:30:00.000Z,6596b78a591eebeedf72d31f,NIFTY 50,339172697.0,30868.15,04-01-2024
6597f0819ca83d3063d040ac,NIFTY 50,21705.75,21749.6,21710.8,21629.2,05-JAN-2024,2024-01-04T18:30:00.000Z,6598090b9ca83d3063d041b3,NIFTY 50,309303266.0,26554.49,05-01-2024
659be4ef3982e3705d748a4e,NIFTY 50,21747.6,21763.95,21513.0,21492.9,08-JAN-2024,2024-01-07T18:30:00.000Z,659bfd8baff85f4bd95534ad,NIFTY 50,231452935.0,21140.94,08-01-2024
659d366d60cc16fd8690f0aa,NIFTY 50,21653.6,21724.45,21544.85,21517.85,09-JAN-2024,2024-01-08T18:30:00.000Z,659d4cb2d933bd4472bf7090,NIFTY 50,228568589.0,24055.74,09-01-2024
659e87f1f4b4ba1ef8e79101,NIFTY 50,21529.3,21641.85,21618.7,21448.65,10-JAN-2024,2024-01-09T18:30:00.000Z,659ea08cc0e2d8518fecab62,NIFTY 50,216991926.0,20958.96,10-01-2024
659fd96f6d20ff7e11ac21e1,NIFTY 50,21688.0,21726.5,21647.2,21593.75,11-JAN-2024,2024-01-10T18:30:00.000Z,659feb7a44eab84e51946817,NIFTY 50,212453866.0,23492.12,11-01-2024
65a12af2ae79d4199d80d5bd,NIFTY 50,21773.55,21928.25,21894.55,21715.15,12-JAN-2024,2024-01-11T18:30:00.000Z,65a14a9237e0b951f2d66596,NIFTY 50,294678459.0,30565.5,12-01-2024
65a5241dda9575a5eba8bd9c,NIFTY 50,22053.15,22115.55,22097.45,21963.55,15-JAN-2024,2024-01-14T18:30:00.000Z,65a54d23fb8271a5d1d03f43,NIFTY 50,345543523.0,29523.15,15-01-2024
65a670f0006aed708c6e484d,NIFTY 50,22080.5,22124.15,22032.3,21969.8,16-JAN-2024,2024-01-15T18:30:00.000Z,65a68732006aed708c6e4b53,NIFTY 50,292433764.0,24435.94,16-01-2024
65a7c16988f18f28085d2615,NIFTY 50,21647.25,21851.5,21571.95,21550.45,17-JAN-2024,2024-01-16T18:30:00.000Z,65a7db0a3b001ae2ee2bc0ec,NIFTY 50,455999867.0,47533.44,17-01-2024
65a913ede7f29a71ffe4a025,NIFTY 50,21414.2,21539.4,21462.25,21285.55,18-JAN-2024,2024-01-17T18:30:00.000Z,65a92c8bbc08a7c0b058c50e,NIFTY 50,387341268.0,39718.84,18-01-2024
65aa656d60f82ae6d1c668b7,NIFTY 50,21615.2,21670.6,21622.4,21575.0,19-JAN-2024,2024-01-18T18:30:00.000Z,65aa8e739930ac72124a9880,NIFTY 50,343055124.0,34429.24,19-01-2024
65abbb9fc0292fa7397aa410,NIFTY 50,21706.15,21720.3,21571.8,21541.8,20-JAN-2024,2024-01-19T18:30:00.000Z,65abd6934cf4e3dbe60f351e,NIFTY 50,162073740.0,13917.46,20-01-2024
65afab6fb22658af3da70f71,NIFTY 50,21716.7,21750.25,21238.8,21192.6,23-JAN-2024,2024-01-22T18:30:00.000Z,65afc1b6852c6a5214398b79,NIFTY 50,449718534.0,48813.68,23-01-2024
65b0fcf091bc223d2bc5eb43,NIFTY 50,21185.25,21482.35,21453.95,21137.2,24-JAN-2024,2024-01-23T18:30:00.000Z,65b117e3c4a66c3d23cfdb23,NIFTY 50,407460664.0,41718.64,24-01-2024
65b24e6e06ec4c9edf9ddfa5,NIFTY 50,21454.6,21459.0,21352.6,21247.05,25-JAN-2024,2024-01-24T18:30:00.000Z,65b272c27ae061322218be74,NIFTY 50,418143077.0,40088.5,25-01-2024
65b7b781e62ea57dd4ac0e51,NIFTY 50,21433.1,21763.25,21737.6,21429.6,29-JAN-2024,2024-01-28T18:30:00.000Z,65b7a67a89910db7af736419,NIFTY 50,376702289.0,34516.42,29-01-2024
65b8e5f211b384b5b95b0e08,NIFTY 50,21775.75,21813.05,21522.1,21501.8,30-JAN-2024,2024-01-29T18:30:00.000Z,65b90c9a48cc18b5b13943ae,NIFTY 50,375137333.0,32916.3,30-01-2024
65ba377142da880ea144f7a0,NIFTY 50,21487.25,21741.35,21725.7,21448.85,31-JAN-2024,2024-01-30T18:30:00.000Z,65ba500af541e70e86dcbd93,NIFTY 50,410583065.0,41587.85,31-01-2024
65bb88f2b6f2c151ccadbfdb,NIFTY 50,21780.65,21832.95,21697.45,21658.75,01-FEB-2024,2024-01-31T18:30:00.000Z,65bb9afb3bdb20180baa5606,NIFTY 50,332541208.0,34042.15,01-02-2024
65bcda71e54212460979866d,NIFTY 50,21812.75,22126.8,21853.8,21805.55,02-FEB-2024,2024-02-01T18:30:00.000Z,65bcfa13fd41e96b232d4730,NIFTY 50,442794738.0,38395.9,02-02-2024
65c0cef24238a31bd0d86021,NIFTY 50,21921.05,21964.3,21771.7,21726.95,05-FEB-2024,2024-02-04T18:30:00.000Z,65c0e78a49aec158e02e368e,NIFTY 50,440849699.0,33807.94,05-02-2024
65c22073bcaee353298b8c2e,NIFTY 50,21825.2,21951.4,21929.4,21737.55,06-FEB-2024,2024-02-05T18:30:00.000Z,65c2327ad107125320acc99f,NIFTY 50,370968111.0,32910.82,06-02-2024
65c371f16b52a07b155ccd84,NIFTY 50,22045.05,22053.3,21930.5,21860.15,07-FEB-2024,2024-02-06T18:30:00.000Z,65c38a8a0b013e8ccc195375,NIFTY 50,346263704.0,30088.76,07-02-2024
65c4c36f4bb5b00386dfc756,NIFTY 50,22009.65,22011.05,21717.95,21665.3,08-FEB-2024,2024-02-07T18:30:00.000Z,65c4dc0a4bb5b00386dfc864,NIFTY 50,491069786.0,41082.02,08-02-2024
65c614f98e8ebae5b5deca71,NIFTY 50,21727.0,21804.45,21782.5,21629.9,09-FEB-2024,2024-02-08T18:30:00.000Z,65c6323b6b5191e5ac2ea78b,NIFTY 50,349222850.0,31176.16,09-02-2024
65ca096dc3fc8309e16adb48,NIFTY 50,21800.8,21831.7,21616.05,21574.75,12-FEB-2024,2024-02-11T18:30:00.000Z,65ca1b7a8584a93ba831a8f0,NIFTY 50,287436165.0,23921.14,12-02-2024
65cb5af03328eca8adc58e0a,NIFTY 50,21664.3,21766.8,21743.25,21543.35,13-FEB-2024,2024-02-12T18:30:00.000Z,65cb6cfb3328eca8adc590d1,NIFTY 50,365785766.0,29896.62,13-02-2024
65ccac720b90a07c9af4362a,NIFTY 50,21578.15,21870.85,21840.05,21530.2,14-FEB-2024,2024-02-13T18:30:00.000Z,65ccc50bac6726cc360739c5,NIFTY 50,359120861.0,32535.0,14-02-2024
65cdfded027719aa88dce430,NIFTY 50,21906.55,21953.85,21910.75,21794.8,15-FEB-2024,2024-02-14T18:30:00.000Z,65ce18e3e996a4511f90757f,NIFTY 50,345394395.0,29559.69,15-02-2024
65cf4f70229b5ca0b37a3c01,NIFTY 50,22020.3,22068.65,22040.7,21968.95,16-FEB-2024,2024-02-15T18:30:00.000Z,,,,,
65d343f00d52a292b4213ab3,NIFTY 50,22103.45,22186.65,22122.25,22021.05,19-FEB-2024,2024-02-18T18:30:00.000Z,65d3532b9538d4d07f32e252,NIFTY 50,218252325.0,21375.71,19-02-2024
65d4956e4361903eca6c3cc7,NIFTY 50,22099.2,22215.6,22196.95,22045.85,20-FEB-2024,2024-02-19T18:30:00.000Z,65d4a77a4361903eca6c4674,NIFTY 50,295705319.0,26872.32,20-02-2024
65d5e6ef372e67e11dbe96bd,NIFTY 50,22248.85,22249.4,22055.05,21997.95,21-FEB-2024,2024-02-20T18:30:00.000Z,65d5f9ea9410fd9865ce8ddd,NIFTY 50,364545679.0,29741.39,21-02-2024
65d7386f79168d2427f9ae84,NIFTY 50,22081.55,22252.5,22217.45,21875.25,22-FEB-2024,2024-02-21T18:30:00.000Z,65d74a7aaf34bf991cff411d,NIFTY 50,343495136.0,33985.94,22-02-2024
65d889effeff6e979859f5b8,NIFTY 50,22290.0,22297.5,22212.7,22186.1,23-FEB-2024,2024-02-22T18:30:00.000Z,65d8a4e3617490e1d1af2164,NIFTY 50,225983194.0,24617.01,23-02-2024
65dc7e7149b12cd7bd6ccbb8,NIFTY 50,22169.2,22202.15,22122.05,22075.15,26-FEB-2024,2024-02-25T18:30:00.000Z,65dc99639e98215730a6f8bc,NIFTY 50,207775504.0,20850.26,26-02-2024
65ddcff0eba36def8352a48a,NIFTY 50,22090.2,22218.25,22198.35,22085.65,27-FEB-2024,2024-02-26T18:30:00.000Z,65dde88b164d4b4744dcc9e9,NIFTY 50,252199186.0,24620.71,27-02-2024
65df216e63ce890dab93fa6e,NIFTY 50,22214.1,22229.15,21951.15,21915.85,28-FEB-2024,2024-02-27T18:30:00.000Z,65df3ebbede5b73f267182a9,NIFTY 50,202952371.0,20579.8,28-02-2024
65df216e67eb44861f05ef3d,NIFTY 50,22214.1,22229.15,21951.15,21915.85,28-FEB-2024,2024-02-27T18:30:00.000Z,65df3ebbede5b73f267182a9,NIFTY 50,202952371.0,20579.8,28-02-2024
65e072f05c02be27622f8fcf,NIFTY 50,21935.2,22060.55,21982.8,21860.65,29-FEB-2024,2024-02-28T18:30:00.000Z,65e08934bbe4f0001790be41,NIFTY 50,360165824.0,40196.12,29-02-2024
65e1c46e2966a204a6e7aa55,NIFTY 50,22048.3,22353.3,22338.75,22047.75,01-MAR-2024,2024-02-29T18:30:00.000Z,65e1df632966a204a6e7ab54,NIFTY 50,351503075.0,29646.47,01-03-2024
65e3ff639c42c4a721ea395f,NIFTY 50,22406.95,22419.55,22378.4,22367.05,02-MAR-2024,2024-03-01T18:30:00.000Z,65e314c29408dba23a6af854,NIFTY 50,35763814.0,1918.77,02-03-2024
65e5b8ef1f7639403aed08d2,NIFTY 50,22403.5,22440.9,22405.6,22358.3,04-MAR-2024,2024-03-03T18:30:00.000Z,65e5dd42ca075f80a8af4c35,NIFTY 50,298794435.0,23771.71,04-03-2024
65e70a6fa0e4c105af47f9a6,NIFTY 50,22371.25,22416.9,22356.3,22269.15,05-MAR-2024,2024-03-04T18:30:00.000Z,65e7230bc6db4c04d09c4c47,NIFTY 50,296153036.0,29165.37,05-03-2024
65e85ac279c5d35b770420d1,NIFTY 50,22327.5,22497.2,22474.05,22224.35,06-MAR-2024,2024-03-05T18:30:00.000Z,65e86dfa79c5d35b77042310,NIFTY 50,312262560.0,31029.01,06-03-2024
65e9ad7182e9935c883103aa,NIFTY 50,22505.3,22525.65,22493.55,22430.0,07-MAR-2024,2024-03-06T18:30:00.000Z,65e9cec8c2b63cb4491608b7,NIFTY 50,379865142.0,33558.46,07-03-2024
65ef07ce5fe223d9a65678b3,NIFTY 50,22517.5,22526.6,22332.65,22307.25,11-MAR-2024,2024-03-10T18:30:00.000Z,65ef10bd5d86cbf99457313c,NIFTY 50,277897373.0,27222.37,11-03-2024
65f044ef8e4417f2474fc1aa,NIFTY 50,22334.45,22452.55,22335.7,22256.0,12-MAR-2024,2024-03-11T18:30:00.000Z,65f065fbb08beeb37e0d1497,NIFTY 50,299201167.0,29781.12,12-03-2024
65f1966db71cb5af364a66a6,NIFTY 50,22432.2,22446.75,21997.7,21905.65,13-MAR-2024,2024-03-12T18:30:00.000Z,65f1af0bb71cb5af364a6812,NIFTY 50,493341697.0,40109.23,13-03-2024
65f2e7efa8adc97092bc6134,NIFTY 50,21982.55,22204.6,22146.65,21917.5,14-MAR-2024,2024-03-13T18:30:00.000Z,65f3008a0c09657adbf9fa6a,NIFTY 50,426742460.0,37348.3,14-03-2024
65f439725a880bb677900165,NIFTY 50,22064.85,22120.9,22023.35,21931.7,15-MAR-2024,2024-03-14T18:30:00.000Z,65f4520b702743aafd030a9d,NIFTY 50,661460455.0,60260.88,15-03-2024
65f82ded05151110871c8165,NIFTY 50,21990.1,22123.7,22055.7,21916.55,18-MAR-2024,2024-03-17T18:30:00.000Z,65f8468b369da42e70365f30,NIFTY 50,356321519.0,23015.51,18-03-2024
65f97f6f888664cd03588901,NIFTY 50,21946.45,21978.3,21817.45,21793.1,19-MAR-2024,2024-03-18T18:30:00.000Z,65f995b320a44ea23c5b1b10,NIFTY 50,344157465.0,30291.6,19-03-2024
65fad0ed0af446e44e823956,NIFTY 50,21843.9,21930.9,21839.1,21710.2,20-MAR-2024,2024-03-19T18:30:00.000Z,65faf1fae0fd0b35388bb006,NIFTY 50,312414696.0,28939.85,20-03-2024
65fc226d6db2d5c9a6b5df5c,NIFTY 50,21989.9,22080.95,22011.95,21941.3,21-MAR-2024,2024-03-20T18:30:00.000Z,65fc3d63b2a2c4b59709d816,NIFTY 50,353172434.0,31258.4,21-03-2024
65fd73f17bac3698752bf3f9,NIFTY 50,21932.2,22180.7,22096.75,21883.3,22-MAR-2024,2024-03-21T18:30:00.000Z,65fd8ee5eaeb51486537b688,NIFTY 50,388656439.0,39023.19,22-03-2024
6602de420174017d20d86322,NIFTY 50,21947.9,22073.2,22004.7,21947.55,26-MAR-2024,2024-03-25T18:30:00.000Z,6602d881c883a71aea858764,NIFTY 50,328403719.0,33382.08,26-03-2024
6604114c2ad06c267b847526,NIFTY 50,22053.95,22193.6,22123.65,22052.85,27-MAR-2024,2024-03-26T18:30:00.000Z,660436cb1d19ec2113c86f8c,NIFTY 50,409136866.0,38830.73,27-03-2024
66055f45189827fb2d4253a0,NIFTY 50,22163.6,22516.0,22326.9,22163.6,28-MAR-2024,2024-03-27T18:30:00.000Z,66057c95b95ff42cc3a2535d,NIFTY 50,407422815.0,45656.57,28-03-2024
660aa2f12db327da6fd15ee5,NIFTY 50,22455.0,22529.95,22462.0,22427.75,01-APR-2024,2024-03-31T18:30:00.000Z,660ac03b0d08e5585cad0248,NIFTY 50,243637071.0,21420.69,01-04-2024
660bf470e3142f598c139d93,NIFTY 50,22458.8,22497.6,22453.3,22388.15,02-APR-2024,2024-04-01T18:30:00.000Z,660c0f6383456f9334d3e9a9,NIFTY 50,289524237.0,27940.93,02-04-2024
660d45ed25bc2a94d146e81a,NIFTY 50,22385.7,22521.1,22434.65,22346.5,03-APR-2024,2024-04-02T18:30:00.000Z,660d5c3380012c47445d5cf3,NIFTY 50,309647491.0,30793.28,03-04-2024
660e976db2e892ee63689add,NIFTY 50,22592.1,22619.0,22514.65,22303.8,04-APR-2024,2024-04-03T18:30:00.000Z,660eb00a2b9ef06167d281e7,NIFTY 50,400986156.0,40705.56,04-04-2024
660fe8eec04c066380a3523b,NIFTY 50,22486.4,22537.6,22513.7,22427.6,05-APR-2024,2024-04-04T18:30:00.000Z,66100d42324dc2b4648b7a0a,NIFTY 50,242244731.0,24797.82,05-04-2024
6613ee0492177f02cec4f967,NIFTY 50,22578.35,22697.3,22666.3,22550.35,08-APR-2024,2024-04-07T18:30:00.000Z,66141648b480ff49f23d3b0e,NIFTY 50,227633561.0,22480.2,08-04-2024
66152ef0e0e1c60704f8d3ba,NIFTY 50,22765.1,22768.4,22642.75,22612.25,09-APR-2024,2024-04-08T18:30:00.000Z,66154082ef0659dea2e5fa14,NIFTY 50,232356772.0,21651.69,09-04-2024
66168070b9ace6720ab6f6cc,NIFTY 50,22720.25,22775.7,22753.8,22673.7,10-APR-2024,2024-04-09T18:30:00.000Z,66195d5a7c6eb56d5c6bd6d7,NIFTY 50,276847931.0,25355.05,10-04-2024
6619249c0ef9008adaaff0cc,NIFTY 50,22677.4,22726.45,22519.4,22503.75,12-APR-2024,2024-04-11T18:30:00.000Z,661940bb96fcb5fcb374569d,NIFTY 50,357187778.0,36456.91,12-04-2024
661d3c04ff16dc3e20837582,NIFTY 50,22339.05,22427.45,22272.5,22259.55,15-APR-2024,2024-04-14T18:30:00.000Z,661d379206d930392aa2f19c,NIFTY 50,355465814.0,29474.59,15-04-2024
661e69716a689d9e128f1f95,NIFTY 50,22125.3,22213.75,22147.9,22079.45,16-APR-2024,2024-04-15T18:30:00.000Z,661e7fb40f8aff4ce1591d6a,NIFTY 50,317267066.0,28661.04,16-04-2024
66210c72595d62adfe5acbbc,NIFTY 50,22212.35,22326.5,21995.85,21961.7,18-APR-2024,2024-04-17T18:30:00.000Z,6621250d539453256d794bdb,NIFTY 50,456906707.0,43314.67,18-04-2024
66225df190cdc5b700d99d77,NIFTY 50,21861.5,22179.55,22147.0,21777.65,19-APR-2024,2024-04-18T18:30:00.000Z,66227b3ba2c95e6cce83fcf2,NIFTY 50,362530569.0,36073.63,19-04-2024
66266c37da5fa0f1ce81ec6b,NIFTY 50,22336.9,22375.65,22336.4,22198.15,22-APR-2024,2024-04-21T18:30:00.000Z,6626692c8e9c5027990f56c7,NIFTY 50,279259571.0,26841.2,22-04-2024
6627a3f248feafd443c38bee,NIFTY 50,22447.05,22447.55,22368.0,22349.45,23-APR-2024,2024-04-22T18:30:00.000Z,6627c13bba1707e254cbaf81,NIFTY 50,231520813.0,25651.64,23-04-2024
6628f56f8404cb0cca05886d,NIFTY 50,22421.55,22476.45,22402.4,22384.0,24-APR-2024,2024-04-23T18:30:00.000Z,662910637d99fed5357a5b90,NIFTY 50,235898642.0,21925.6,24-04-2024
662a5500bc654226279ade81,NIFTY 50,22316.9,22625.95,22570.35,22305.25,25-APR-2024,2024-04-24T18:30:00.000Z,662a643c10d336f767322346,NIFTY 50,475044740.0,53803.8,25-04-2024
662bc9806002b574e1779110,NIFTY 50,22620.4,22620.4,22419.95,22385.55,26-APR-2024,2024-04-25T18:30:00.000Z,662baeb3b7c232ebf9583e5b,NIFTY 50,329887340.0,36984.89,26-04-2024
662f8cf0a3f7cfc3aa08bb78,NIFTY 50,22475.55,22655.8,22643.4,22441.9,29-APR-2024,2024-04-28T18:30:00.000Z,662fc03d4401bb4532c87867,NIFTY 50,291957361.0,32431.45,29-04-2024
6630de6d6db151b8fee48d41,NIFTY 50,22679.65,22783.35,22604.85,22568.4,30-APR-2024,2024-04-29T18:30:00.000Z,6630f4b20985b8b32531a9eb,NIFTY 50,361859375.0,38741.7,30-04-2024
66338172a8e7ec03ed16d027,NIFTY 50,22567.85,22710.5,22648.2,22567.85,02-MAY-2024,2024-05-01T18:30:00.000Z,66339c63bc1f4d4cd532e2bd,NIFTY 50,445909456.0,43133.31,02-05-2024
6634d2eff21a8f3de7fe289b,NIFTY 50,22766.35,22794.7,22475.85,22348.05,03-MAY-2024,2024-05-02T18:30:00.000Z,6634f3fa81de6b1fcff5d6ca,NIFTY 50,438060727.0,44432.55,03-05-2024
6638c7714cd89c099d0cb432,NIFTY 50,22561.6,22588.8,22442.7,22409.45,06-MAY-2024,2024-05-05T18:30:00.000Z,6638e265c04db79df8db036d,NIFTY 50,320255789.0,33417.53,06-05-2024
663a18edd45316c4249cffb0,NIFTY 50,22489.75,22499.05,22302.5,22232.05,07-MAY-2024,2024-05-06T18:30:00.000Z,663a2f329ab26689805f7d47,NIFTY 50,297815469.0,31512.26,07-05-2024
663b6a72bfa7d2996bd1f533,NIFTY 50,22231.2,22368.65,22302.5,22185.2,08-MAY-2024,2024-05-07T18:30:00.000Z,663b7d6a60713272926ef774,NIFTY 50,277438692.0,29717.33,08-05-2024
663cbbee63d83eb54e7bae49,NIFTY 50,22224.8,22307.75,21957.5,21932.4,09-MAY-2024,2024-05-08T18:30:00.000Z,663cceeaad6f321bf7f65399,NIFTY 50,331327454.0,37870.88,09-05-2024
663cbbeefcdc113962377a8b,NIFTY 50,22224.8,22307.75,21957.5,21932.4,09-MAY-2024,2024-05-08T18:30:00.000Z,663cceeaad6f321bf7f65399,NIFTY 50,331327454.0,37870.88,09-05-2024
663e0d6de1534462a95a2869,NIFTY 50,21990.95,22131.3,22055.2,21950.3,10-MAY-2024,2024-05-09T18:30:00.000Z,663e206b46d2e958942fedc4,NIFTY 50,265804411.0,28717.71,10-05-2024
6642031c2bdf50bea8d3dace,NIFTY 50,22027.95,22131.65,22104.05,21821.05,13-MAY-2024,2024-05-12T18:30:00.000Z,664221936de3a08d3519abbb,NIFTY 50,278186886.0,29036.08,13-05-2024
66435372720718eeda24e324,NIFTY 50,22112.9,22270.05,22217.85,22081.25,14-MAY-2024,2024-05-13T18:30:00.000Z,6644c963572d6774424e49f8,NIFTY 50,230238941.0,23741.66,14-05-2024
6644c8d90eea7f5115d68147,NIFTY 50,22255.6,22297.55,22200.55,22151.75,15-MAY-2024,2024-05-14T18:30:00.000Z,6644bb34cf6b818ef58bf7bd,NIFTY 50,231935478.0,23815.79,15-05-2024
6645f672dce8934396a92003,NIFTY 50,22319.2,22432.25,22403.85,22054.55,16-MAY-2024,2024-05-15T18:30:00.000Z,66460f0b20410594f9c02eb3,NIFTY 50,368945092.0,38836.11,16-05-2024
664747ef12d81ee8fb688826,NIFTY 50,22415.25,22502.15,22466.1,22345.65,17-MAY-2024,2024-05-16T18:30:00.000Z,6647653dfe2afd7f2403a78e,NIFTY 50,242654570.0,27388.67,17-05-2024
6648997116faacb83fc171f5,NIFTY 50,22512.85,22520.25,22502.0,22470.05,18-MAY-2024,2024-05-17T18:30:00.000Z,664895ec07616e86a085a1c9,NIFTY 50,19064566.0,1572.77,18-05-2024
664c8cc6bb32642b8733d045,NIFTY 50,22404.55,22591.1,22529.05,22404.55,21-MAY-2024,2024-05-20T18:30:00.000Z,664cad94421f55b6b2f4b4c9,NIFTY 50,347591587.0,30782.35,21-05-2024
664ddf706b7ee064129cffe1,NIFTY 50,22576.6,22629.5,22597.8,22483.15,22-MAY-2024,2024-05-21T18:30:00.000Z,664e007c697c3b2a9b326633,NIFTY 50,290345590.0,28556.14,22-05-2024
664f30f2f6c0567fe59c4137,NIFTY 50,22614.1,22993.6,22967.65,22577.45,23-MAY-2024,2024-05-22T18:30:00.000Z,664f498d0b3f2d2e308c96b3,NIFTY 50,369767547.0,39157.65,23-05-2024
66508149864613114d0971a7,NIFTY 50,22930.75,23026.4,22957.1,22908.0,24-MAY-2024,2024-05-23T18:30:00.000Z,6650a6c73f78d261691576c3,NIFTY 50,261927120.0,27966.99,24-05-2024
665475c5338c8d89306d464c,NIFTY 50,23038.95,23110.8,22932.45,22871.2,27-MAY-2024,2024-05-26T18:30:00.000Z,665491e54b1be05ed200b3c8,NIFTY 50,260006078.0,27204.54,27-05-2024
6655c74754259de707302b00,NIFTY 50,22977.15,22998.55,22888.15,22858.5,28-MAY-2024,2024-05-27T18:30:00.000Z,6655da07449ae5955f3324b3,NIFTY 50,217890750.0,23054.65,28-05-2024
665718c638c5f37b3e574b82,NIFTY 50,22762.75,22825.5,22704.7,22685.45,29-MAY-2024,2024-05-28T18:30:00.000Z,66573bf0e4d334f48270b74e,NIFTY 50,269932784.0,27549.09,29-05-2024
66586b72a0ec59d34bc1688d,NIFTY 50,22617.45,22705.75,22488.65,22417.0,30-MAY-2024,2024-05-29T18:30:00.000Z,665886665b4f0015af000cd2,NIFTY 50,373374457.0,32991.46,30-05-2024
6659bbc664c392f297962c2a,NIFTY 50,22568.1,22653.75,22530.7,22465.1,31-MAY-2024,2024-05-30T18:30:00.000Z,6659d33534e648da24d994ad,NIFTY 50,572122639.0,67040.32,31-05-2024
665db0475a41cc3b7b405c77,NIFTY 50,23337.9,23338.7,23263.9,23062.3,03-JUN-2024,2024-06-02T18:30:00.000Z,665dc7b67e8b4b039bc11a2f,NIFTY 50,569425569.0,56418.25,03-06-2024
665f0b268207064114758310,NIFTY 50,23179.5,23179.5,21884.5,21281.45,04-JUN-2024,2024-06-03T18:30:00.000Z,665f37b0baae74a713cedba4,NIFTY 50,1006105058.0,93786.44,04-06-2024
6660534960d1f7f652f960ea,NIFTY 50,22128.35,22670.4,22620.35,21791.95,05-JUN-2024,2024-06-04T18:30:00.000Z,66606ab8487e7ff6929aa0e7,NIFTY 50,638487077.0,64326.85,05-06-2024
6661a4c912b09a6ebe1d3770,NIFTY 50,22798.6,22910.15,22821.4,22642.6,06-JUN-2024,2024-06-05T18:30:00.000Z,6661c341f82741025a0285c4,NIFTY 50,480413289.0,49047.39,06-06-2024
6662f64accaab5868043ff50,NIFTY 50,22821.85,23320.2,23290.15,22789.05,07-JUN-2024,2024-06-06T18:30:00.000Z,6663275cc9327b820dded653,NIFTY 50,473554898.0,47621.54,07-06-2024
6666ebe584308f0e5aa421ee,NIFTY 50,23319.15,23411.9,23259.2,23227.15,10-JUN-2024,2024-06-09T18:30:00.000Z,666706dbe968fb271cb55162,NIFTY 50,304392368.0,29060.4,10-06-2024
66683d6910b30450fd4953da,NIFTY 50,23283.75,23389.45,23264.85,23206.65,11-JUN-2024,2024-06-10T18:30:00.000Z,66685d0e92211f8218a4afed,NIFTY 50,305185666.0,29190.91,11-06-2024
66698ee84307019933636e14,NIFTY 50,23344.45,23441.95,23322.95,23295.95,12-JUN-2024,2024-06-11T18:30:00.000Z,6669a78320e542bda10837c8,NIFTY 50,295630910.0,31795.48,12-06-2024
666ae06bf891ef1f755e1c3a,NIFTY 50,23480.95,23481.05,23398.9,23353.9,13-JUN-2024,2024-06-12T18:30:00.000Z,666afdb27f6f36833e8e85d7,NIFTY 50,268279841.0,30151.67,13-06-2024
666c31e81701d7fd3a88f3dd,NIFTY 50,23464.95,23490.4,23465.6,23334.25,14-JUN-2024,2024-06-13T18:30:00.000Z,666c4cdb4217e891bddb7c80,NIFTY 50,223086741.0,25746.34,14-06-2024
667177e6d667505cc38609c9,NIFTY 50,23570.8,23579.05,23557.9,23499.7,18-JUN-2024,2024-06-17T18:30:00.000Z,66719e930cfdb00fb01f2c27,NIFTY 50,272207297.0,29389.75,18-06-2024
6672c966b12c76ec5779639b,NIFTY 50,23629.85,23664.0,23516.0,23412.9,19-JUN-2024,2024-06-18T18:30:00.000Z,6672dfad4d1e3b2ba2dfcab9,NIFTY 50,328811255.0,39430.39,19-06-2024
66741ae6d3c53d2b11c8ad59,NIFTY 50,23586.15,23624.0,23567.0,23442.6,20-JUN-2024,2024-06-19T18:30:00.000Z,66743833debf59b121ea95ef,NIFTY 50,280336970.0,33390.07,20-06-2024
66756c6880332f31a2572820,NIFTY 50,23661.15,23667.1,23501.1,23398.2,21-JUN-2024,2024-06-20T18:30:00.000Z,6675875d200fd1e4fb504c5c,NIFTY 50,609877803.0,70062.97,21-06-2024
66756c68f32a702c10a772e2,NIFTY 50,23661.15,23667.1,23501.1,23398.2,21-JUN-2024,2024-06-20T18:30:00.000Z,6675875d200fd1e4fb504c5c,NIFTY 50,609877803.0,70062.97,21-06-2024
667960e820f87a6790bfd448,NIFTY 50,23382.3,23558.1,23537.85,23350.0,24-JUN-2024,2024-06-23T18:30:00.000Z,6679772b20c2f0a84f227c20,NIFTY 50,239358460.0,24862.37,24-06-2024
667ab26652728b5207240acf,NIFTY 50,23577.1,23754.15,23721.3,23562.05,25-JUN-2024,2024-06-24T18:30:00.000Z,667ad91347ca526d9ae872ba,NIFTY 50,298111025.0,34263.36,25-06-2024
667c03e6e85ca9886250abcc,NIFTY 50,23723.1,23889.9,23868.8,23670.45,26-JUN-2024,2024-06-25T18:30:00.000Z,667c1edca37e885048b0deba,NIFTY 50,287824687.0,33979.62,26-06-2024
667d5568ca400997e3961aa1,NIFTY 50,23881.55,24087.45,24044.5,23805.4,27-JUN-2024,2024-06-26T18:30:00.000Z,667d7e6baaf2d61ec31efa4c,NIFTY 50,515227010.0,61216.71,27-06-2024
667ea6e8100cd89e2c8b69f5,NIFTY 50,24085.9,24174.0,24010.6,23985.8,28-JUN-2024,2024-06-27T18:30:00.000Z,667ec4338f60b7b4984098f3,NIFTY 50,354779832.0,41242.87,28-06-2024
66829b67bdecedba23087269,NIFTY 50,23992.95,24164.0,24141.95,23992.7,01-JUL-2024,2024-06-30T18:30:00.000Z,6682b8b64932558b03cf1e01,NIFTY 50,242468081.0,28204.06,01-07-2024
6683ece734bf61a77457bf1a,NIFTY 50,24228.75,24236.35,24123.85,24056.4,02-JUL-2024,2024-07-01T18:30:00.000Z,66840584ac355ebdbb8b16d5,NIFTY 50,309629240.0,34838.65,02-07-2024
66853e693d9d4b6c9d5453e8,NIFTY 50,24291.75,24309.15,24286.5,24207.1,03-JUL-2024,2024-07-02T18:30:00.000Z,66855e0e4fed1d3050c1820f,NIFTY 50,289201551.0,36661.17,03-07-2024
66868fe98d2558d42a838e28,NIFTY 50,24369.95,24401.0,24302.15,24281.0,04-JUL-2024,2024-07-03T18:30:00.000Z,6686a885406fcdbe29ce77b9,NIFTY 50,251189844.0,28466.6,04-07-2024
6687e16c4e1ebb1a10c6d255,NIFTY 50,24213.35,24363.0,24323.85,24168.85,05-JUL-2024,2024-07-04T18:30:00.000Z,6687fa04ab66fe8a555c8400,NIFTY 50,298381204.0,32052.48,05-07-2024
668bd5e79658d5ad974320eb,NIFTY 50,24329.45,24344.6,24320.55,24240.55,08-JUL-2024,2024-07-07T18:30:00.000Z,668bfeec68992c4b6cd66e5a,NIFTY 50,266299131.0,26356.03,08-07-2024
668d276924aabf1fcd6abe98,NIFTY 50,24351.0,24443.6,24433.2,24331.9,09-JUL-2024,2024-07-08T18:30:00.000Z,668d3daeb9a052b96e516aac,NIFTY 50,250537091.0,29361.08,09-07-2024
668e78e9c3fd12ce3edd8270,NIFTY 50,24459.85,24461.05,24324.45,24141.8,10-JUL-2024,2024-07-09T18:30:00.000Z,668e988cdc00774a4764cd34,NIFTY 50,292263786.0,35358.54,10-07-2024
668fca71a5db710c4758c946,NIFTY 50,24396.55,24402.65,24315.95,24193.75,11-JUL-2024,2024-07-10T18:30:00.000Z,668fe55cc7d4b78294b4aac1,NIFTY 50,306404194.0,32115.44,11-07-2024
66911bedb1f9cce5da300c4a,NIFTY 50,24387.95,24592.2,24502.15,24331.15,12-JUL-2024,2024-07-11T18:30:00.000Z,66913487063f1ffb92def571,NIFTY 50,325823474.0,39565.33,12-07-2024
6695106d3fc37f16f1ec11cf,NIFTY 50,24587.6,24635.05,24586.7,24522.75,15-JUL-2024,2024-07-14T18:30:00.000Z,66952dbd9c893a7733780cfd,NIFTY 50,305395934.0,31593.04,15-07-2024
669661f06d5cb5ff2ae4007b,NIFTY 50,24615.9,24661.25,24613.0,24587.65,16-JUL-2024,2024-07-15T18:30:00.000Z,66967f3cb7f9f444c6e2e0d4,NIFTY 50,283212233.0,28668.71,16-07-2024
669904eee46b83ca989e31bc,NIFTY 50,24543.8,24837.75,24800.85,24504.45,18-JUL-2024,2024-07-17T18:30:00.000Z,66991fe5e1b214f203ef2da5,NIFTY 50,350924425.0,40477.17,18-07-2024
669a566dee9de414a64e2414,NIFTY 50,24853.8,24854.8,24530.9,24508.15,19-JUL-2024,2024-07-18T18:30:00.000Z,669a6f0c166aa13b2e0bf1b6,NIFTY 50,343772965.0,33588.08,19-07-2024
669e4aed453b5cc5d6433012,NIFTY 50,24445.75,24595.2,24509.25,24362.3,22-JUL-2024,2024-07-21T18:30:00.000Z,669e61345e12144e8ceaf905,NIFTY 50,324190553.0,32496.23,22-07-2024
669f9c6fe68bb2312ebb4108,NIFTY 50,24568.9,24582.55,24479.05,24074.2,23-JUL-2024,2024-07-22T18:30:00.000Z,669fb2b591b494c99a25649d,NIFTY 50,436408768.0,44921.42,23-07-2024
66a0edee793fdcd27d652cec,NIFTY 50,24444.95,24504.25,24413.5,24307.25,24-JUL-2024,2024-07-23T18:30:00.000Z,66a1068dc60fd69cd1044f73,NIFTY 50,366616574.0,39538.11,24-07-2024
66a23f701b68aa510b42b1ab,NIFTY 50,24230.95,24426.15,24406.1,24210.8,25-JUL-2024,2024-07-24T18:30:00.000Z,66a25f8b948158b7aeb15c18,NIFTY 50,391821970.0,37853.62,25-07-2024
66a23f70953029831c7a2117,NIFTY 50,24230.95,24426.15,24406.1,24210.8,25-JUL-2024,2024-07-24T18:30:00.000Z,66a25f8b948158b7aeb15c18,NIFTY 50,391821970.0,37853.62,25-07-2024
66a390f38ff737006b1c30df,NIFTY 50,24423.35,24861.15,24834.85,24410.9,26-JUL-2024,2024-07-25T18:30:00.000Z,66a3abe50df623e2838b852d,NIFTY 50,383826136.0,42118.36,26-07-2024
66a7856e85af4eef3adf089f,NIFTY 50,24943.3,24999.75,24836.1,24774.6,29-JUL-2024,2024-07-28T18:30:00.000Z,66a7977bc3faea6299fc0816,NIFTY 50,354966070.0,37102.92,29-07-2024
66a8d6ef814606a34fa80ba9,NIFTY 50,24839.4,24971.75,24857.3,24798.65,30-JUL-2024,2024-07-29T18:30:00.000Z,66a8fd9b50cb4bdeb236ef0e,NIFTY 50,384989431.0,37576.58,30-07-2024
66aa286dd75460b3bea4595d,NIFTY 50,24886.7,24984.6,24951.15,24856.5,31-JUL-2024,2024-07-30T18:30:00.000Z,66aa4813e2ce7033e5cf3db3,NIFTY 50,333646302.0,35411.32,31-07-2024
66ab79edcd0d6cd6159a90fa,NIFTY 50,25030.95,25078.3,25010.9,24956.4,01-AUG-2024,2024-07-31T18:30:00.000Z,66ab999389278b8663746e20,NIFTY 50,431313292.0,38822.9,01-08-2024
66accb7063e5eaf59f5f7d9f,NIFTY 50,24789.0,24851.9,24717.7,24686.85,02-AUG-2024,2024-08-01T18:30:00.000Z,66acf23122b7919e6357d6d6,NIFTY 50,345027881.0,35368.54,02-08-2024
66b0bff1ad6e553cffdeb0c0,NIFTY 50,24302.85,24350.05,24055.6,23893.7,05-AUG-2024,2024-08-04T18:30:00.000Z,66b0d6336a8db65c38398024,NIFTY 50,486994718.0,45066.65,05-08-2024
66b2116db524f96cec875929,NIFTY 50,24189.85,24382.6,23992.55,23960.4,06-AUG-2024,2024-08-05T18:30:00.000Z,66b22c652dafde2131808356,NIFTY 50,312339387.0,31553.65,06-08-2024
66b362f04403d6f0fc237b8b,NIFTY 50,24289.4,24337.7,24297.5,24184.9,07-AUG-2024,2024-08-06T18:30:00.000Z,66b37de312b4679253854c85,NIFTY 50,317564429.0,29738.85,07-08-2024
66b4b46d1dc32da17b6b12c4,NIFTY 50,24248.55,24340.5,24117.0,24079.7,08-AUG-2024,2024-08-07T18:30:00.000Z,66b4cab3b154890028d716fa,NIFTY 50,311875940.0,30858.18,08-08-2024
66b605f2b90463a9fe4bb454,NIFTY 50,24386.85,24419.75,24367.5,24311.2,09-AUG-2024,2024-08-08T18:30:00.000Z,66b61c35f541a1b25a2d196d,NIFTY 50,215129992.0,22339.19,09-08-2024
66b9fa6d07c66b163d51a6df,NIFTY 50,24320.05,24472.8,24347.0,24212.1,12-AUG-2024,2024-08-11T18:30:00.000Z,66ba10b343c44b7b6d30f6b0,NIFTY 50,279925100.0,30311.85,12-08-2024
66bb4bf5231433ea971cd9e2,NIFTY 50,24342.35,24359.95,24139.0,24116.5,13-AUG-2024,2024-08-12T18:30:00.000Z,66bb5dfaafea0fb18c52c99f,NIFTY 50,239727640.0,25459.58,13-08-2024
66bc9d703b3938fcad334cbf,NIFTY 50,24184.4,24196.5,24143.75,24099.7,14-AUG-2024,2024-08-13T18:30:00.000Z,66bcbaba401583f29b76c720,NIFTY 50,303254705.0,27834.61,14-08-2024
66bf40712a1de37901d5d0e7,NIFTY 50,24334.85,24563.9,24541.15,24204.5,16-AUG-2024,2024-08-15T18:30:00.000Z,66bf527a13b83b8f8b1ec2f3,NIFTY 50,271611087.0,28521.9,16-08-2024
66c334ef44b17ea66831d31e,NIFTY 50,24636.35,24638.8,24572.65,24522.95,19-AUG-2024,2024-08-18T18:30:00.000Z,66c34b322dbf84a964f478a1,NIFTY 50,243645503.0,22124.41,19-08-2024
66c486708d19291af8efdf15,NIFTY 50,24648.9,24734.3,24698.85,24607.2,20-AUG-2024,2024-08-19T18:30:00.000Z,66c49cb4177ebfa729c5e035,NIFTY 50,238318940.0,25478.73,20-08-2024
66c5d7f26b6f41256170c4de,NIFTY 50,24680.55,24787.95,24770.2,24654.5,21-AUG-2024,2024-08-20T18:30:00.000Z,66c5ee353243eac0e7994338,NIFTY 50,257114212.0,27404.63,21-08-2024
66c7296e1b3c66a71ee1e6cd,NIFTY 50,24863.4,24867.35,24811.5,24784.45,22-AUG-2024,2024-08-21T18:30:00.000Z,66c7527279e147b5134bbb23,NIFTY 50,220345125.0,24227.03,22-08-2024
66c87af0cc28b992fa5c4a13,NIFTY 50,24845.4,24858.4,24823.15,24771.65,23-AUG-2024,2024-08-22T18:30:00.000Z,66c8938d602083224d30c50d,NIFTY 50,206800655.0,23134.22,23-08-2024
66cc6f6ea236765c8f8d1de5,NIFTY 50,24906.1,25043.8,25010.6,24874.7,26-AUG-2024,2024-08-25T18:30:00.000Z,66cc8a647b368b529c19ab79,NIFTY 50,210266456.0,22166.86,26-08-2024
66cdc0ef4c6d8a1a5d05a483,NIFTY 50,25024.8,25073.1,25017.75,24973.65,27-AUG-2024,2024-08-26T18:30:00.000Z,66cdd98ccea8f604c109e924,NIFTY 50,223346636.0,26695.0,27-08-2024
66cf126e4b7a157a4c8452cc,NIFTY 50,25030.8,25129.6,25052.35,24964.65,28-AUG-2024,2024-08-27T18:30:00.000Z,66cf36c227d60587a4978287,NIFTY 50,220419448.0,26994.19,28-08-2024
66d0651a1a073850133d197a,NIFTY 50,25035.3,25192.9,25151.95,24998.5,29-AUG-2024,2024-08-28T18:30:00.000Z,66d091a3b8916559eb2334e9,NIFTY 50,353993900.0,43221.73,29-08-2024
66d1b572c486f4ef1cb08347,NIFTY 50,25249.7,25268.35,25235.9,25199.4,30-AUG-2024,2024-08-29T18:30:00.000Z,66d1d2ba0a74ab29b0d9459d,NIFTY 50,638166179.0,89554.91,30-08-2024
66d5a9f054660fbd5aedb75a,NIFTY 50,25333.6,25333.65,25278.7,25235.5,02-SEP-2024,2024-09-01T18:30:00.000Z,66d5c73b06f39d4b5a83694e,NIFTY 50,222815249.0,28187.71,02-09-2024
66d5a9f054660fbd5aedb75a,NIFTY 50,25333.6,25333.65,25278.7,25235.5,02-SEP-2024,2024-09-01T18:30:00.000Z,66d5c73bc13a00ab95e6f15e,NIFTY 50,222815249.0,28187.71,02-09-2024
66d6fb702b89c4faa693e698,NIFTY 50,25313.4,25321.7,25279.85,25235.8,03-SEP-2024,2024-09-02T18:30:00.000Z,66d70d7a86323fdfec9e831a,NIFTY 50,212131921.0,27276.14,03-09-2024
66d84ced1f13ded30ba210b5,NIFTY 50,25089.95,25216.0,25198.7,25083.8,04-SEP-2024,2024-09-03T18:30:00.000Z,66d86c93af81bd215324586d,NIFTY 50,253788501.0,26293.35,04-09-2024
66d99e6e616ae2a463253678,NIFTY 50,25250.5,25275.45,25145.1,25127.75,05-SEP-2024,2024-09-04T18:30:00.000Z,66d9b70b303da767dd236985,NIFTY 50,222242223.0,26272.38,05-09-2024
66daefed7f60bb97f3a51791,NIFTY 50,25093.7,25168.75,24852.15,24801.3,06-SEP-2024,2024-09-05T18:30:00.000Z,66db0ae35d1211ef0ffa0fad,NIFTY 50,311671856.0,33001.17,06-09-2024
66dee46d45e36139b1b40c9a,NIFTY 50,24823.4,24957.5,24936.4,24753.15,09-SEP-2024,2024-09-08T18:30:00.000Z,66deff6324d17e85b811018a,NIFTY 50,254367252.0,25180.28,09-09-2024
66e035edcb947a3e16dbbf98,NIFTY 50,24999.4,25130.5,25041.1,24896.8,10-SEP-2024,2024-09-09T18:30:00.000Z,66e0533a9d0fc34544ec73d7,NIFTY 50,251274802.0,27846.31,10-09-2024
66e1877059d210bb884d862a,NIFTY 50,25034.0,25113.7,24918.45,24885.15,11-SEP-2024,2024-09-10T18:30:00.000Z,66e1a262f1c8c9652d1668a0,NIFTY 50,279229206.0,29395.73,11-09-2024
66e2d8ed958dca619955c870,NIFTY 50,25059.65,25433.35,25388.9,24941.45,12-SEP-2024,2024-09-11T18:30:00.000Z,66e2f18b833571919def9d1a,NIFTY 50,380069653.0,41747.91,12-09-2024
66e42a70c228f773bc4e57b4,NIFTY 50,25430.45,25430.5,25356.5,25292.45,13-SEP-2024,2024-09-12T18:30:00.000Z,66e445622407977c6b7e89c0,NIFTY 50,250781898.0,25530.69,13-09-2024
66e825f6660e58ac09fdeda0,NIFTY 50,25406.65,25445.7,25383.75,25336.2,16-SEP-2024,2024-09-15T18:30:00.000Z,66e83e9292cabb1b64f9397e,NIFTY 50,168694880.0,18705.01,16-09-2024
66e97070bf1398bbad377065,NIFTY 50,25416.9,25441.65,25418.55,25352.25,17-SEP-2024,2024-09-16T18:30:00.000Z,66e98dbae3d4c627b36c7fa1,NIFTY 50,215956868.0,25280.83,17-09-2024
66eac31acfc4944954eaa84a,NIFTY 50,25402.4,25482.2,25377.55,25285.55,18-SEP-2024,2024-09-17T18:30:00.000Z,66ead833e4c511948f3aa69f,NIFTY 50,215727159.0,28832.0,18-09-2024
66ec136e88415c180c026728,NIFTY 50,25487.05,25611.95,25415.8,25376.05,19-SEP-2024,2024-09-18T18:30:00.000Z,66ec33129392e7c5fba04cf3,NIFTY 50,314461263.0,34389.27,19-09-2024
66ed64ed3b143ce67fd097e7,NIFTY 50,25525.95,25849.25,25790.95,25426.6,20-SEP-2024,2024-09-19T18:30:00.000Z,66f0d76f86797e599882dece,NIFTY 50,533067422.0,68915.27,20-09-2024
66f1596ddaf91691a74f3ae9,NIFTY 50,25872.55,25956.0,25939.05,25847.35,23-SEP-2024,2024-09-22T18:30:00.000Z,66f1801abe8dbe14da77d3e3,NIFTY 50,209187756.0,24825.74,23-09-2024
66f2aaee3f01aa662df35583,NIFTY 50,25921.45,26011.55,25940.4,25886.85,24-SEP-2024,2024-09-23T18:30:00.000Z,66f2c38b9286aacf88891afe,NIFTY 50,384115033.0,35573.63,24-09-2024
66f3fc6ddef8318225b99113,NIFTY 50,25899.45,26032.8,26004.15,25871.35,25-SEP-2024,2024-09-24T18:30:00.000Z,66f41763c070c5cbf93f79a9,NIFTY 50,278540972.0,27868.08,25-09-2024
66f54def2aa0355528d70c36,NIFTY 50,26005.4,26250.9,26216.05,25998.4,26-SEP-2024,2024-09-25T18:30:00.000Z,66f5668b5c7a4c2aad55b02c,NIFTY 50,370895477.0,40838.36,26-09-2024
66f69f6e3ba57e9aa33d3ee0,NIFTY 50,26248.25,26277.35,26178.95,26151.4,27-SEP-2024,2024-09-26T18:30:00.000Z,66f6d1d34078d0444e379d8d,NIFTY 50,490332370.0,55420.63,27-09-2024
66faa1fe54362b4df24e3dbd,NIFTY 50,26061.3,26134.7,25810.85,25794.1,30-SEP-2024,2024-09-29T18:30:00.000Z,66fad02b8056ba4301dd32b7,NIFTY 50,375370974.0,36028.06,30-09-2024
66fbeed0a44f738a6d5c4929,NIFTY 50,25788.45,25907.6,25796.9,25739.2,01-OCT-2024,2024-09-30T18:30:00.000Z,66fc0c1a255745e83d5ef4d0,NIFTY 50,247423786.0,27473.29,01-10-2024
66fe886de830079643616e7f,NIFTY 50,25452.85,25639.45,25250.1,25230.3,03-OCT-2024,2024-10-02T18:30:00.000Z,66fea5ba9d0ea9f6da3c7441,NIFTY 50,423395030.0,45689.5,03-10-2024
66ffd9ef43b48858ec7a4042,NIFTY 50,25181.9,25485.05,25014.6,24966.8,04-OCT-2024,2024-10-03T18:30:00.000Z,66fff0332fcba7ff3c441c3d,NIFTY 50,374914801.0,42719.71,04-10-2024
6703ce6e5101bb1145a59717,NIFTY 50,25084.1,25143.0,24795.75,24694.35,07-OCT-2024,2024-10-06T18:30:00.000Z,6703f2c3630a5337ee2475ce,NIFTY 50,374345795.0,40550.24,07-10-2024
67051ff0ca76fe6f2cf1eb50,NIFTY 50,24832.2,25044.0,25013.15,24756.8,08-OCT-2024,2024-10-07T18:30:00.000Z,67053d3a642adeb1219b4023,NIFTY 50,333220055.0,33493.36,08-10-2024
6706716dab8ba7951e6fcac9,NIFTY 50,25065.8,25234.05,24981.95,24947.7,09-OCT-2024,2024-10-08T18:30:00.000Z,67069112d963725c1ea1d4e5,NIFTY 50,290562844.0,30877.63,09-10-2024
6707c2f0cec3beb0a83ddd43,NIFTY 50,25067.05,25134.05,24998.45,24979.4,10-OCT-2024,2024-10-09T18:30:00.000Z,6707db8b6c33c85cd106b107,NIFTY 50,261364749.0,28046.45,10-10-2024
6709146d46050278142da3ad,NIFTY 50,24985.3,25028.65,24964.25,24920.05,11-OCT-2024,2024-10-10T18:30:00.000Z,67092d0b20f3f902d85d48cf,NIFTY 50,210462717.0,21734.97,11-10-2024
670d08eeb3885b50efd5c144,NIFTY 50,25023.45,25159.75,25127.95,25017.5,14-OCT-2024,2024-10-13T18:30:00.000Z,670d2897d8247d4cf42d01e0,NIFTY 50,206423311.0,21270.9,14-10-2024
670e5b9a12ba16e35820f73f,NIFTY 50,25186.3,25212.05,25057.35,25008.15,15-OCT-2024,2024-10-14T18:30:00.000Z,670e6c7aabcaa143cab59872,NIFTY 50,257228772.0,29113.88,15-10-2024
670fabef9fe0207b13a01978,NIFTY 50,25008.55,25093.4,24971.3,24908.45,16-OCT-2024,2024-10-15T18:30:00.000Z,670fc233efa8f6cfbfae86fc,NIFTY 50,226774456.0,24115.83,16-10-2024
6710fd6e2d3721d37ed1150f,NIFTY 50,25027.4,25029.5,24749.85,24728.9,17-OCT-2024,2024-10-16T18:30:00.000Z,6711160b0f6ba3736dab2209,NIFTY 50,252755662.0,32606.34,17-10-2024
671287f467a346d36db2e3b1,NIFTY 50,24664.95,24886.2,24854.05,24567.65,18-OCT-2024,2024-10-17T18:30:00.000Z,671269e3c6a0debca4b05c09,NIFTY 50,290855392.0,31772.76,18-10-2024
6716436d0fdbe6d686d6dda0,NIFTY 50,24956.15,24978.3,24781.1,24679.6,21-OCT-2024,2024-10-20T18:30:00.000Z,671659b3993bd22a00fe3682,NIFTY 50,241978957.0,32207.22,21-10-2024
671794eda780f3e71a78de65,NIFTY 50,24798.65,24882.0,24472.1,24445.8,22-OCT-2024,2024-10-21T18:30:00.000Z,6717ad8b91efcdff25936296,NIFTY 50,279484697.0,32801.59,22-10-2024
6718e671a5af0e7a0db4a44c,NIFTY 50,24378.15,24604.25,24435.5,24378.1,23-OCT-2024,2024-10-22T18:30:00.000Z,67190163874f1446394f0e53,NIFTY 50,284556771.0,31928.1,23-10-2024
671a37ed96482e29b87c5bc6,NIFTY 50,24412.7,24480.65,24399.4,24341.2,24-OCT-2024,2024-10-23T18:30:00.000Z,671a52e2678c968d83d12a12,NIFTY 50,216686434.0,27817.66,24-10-2024
671b896f0db5d3acc4f44aca,NIFTY 50,24418.05,24440.25,24180.8,24073.9,25-OCT-2024,2024-10-24T18:30:00.000Z,671ba465adb3c4e5f91c4de8,NIFTY 50,372642214.0,37068.91,25-10-2024
671f7def812b581acd877069,NIFTY 50,24251.1,24492.6,24339.15,24134.9,28-OCT-2024,2024-10-27T18:30:00.000Z,671f98e56a54f263476ab984,NIFTY 50,278562235.0,28136.06,28-10-2024
6720cf6f682c4fdcc1afdb84,NIFTY 50,24328.85,24484.5,24466.85,24140.85,29-OCT-2024,2024-10-28T18:30:00.000Z,6720e5b467ea374195059647,NIFTY 50,332044690.0,35579.48,29-10-2024
672220ef5834fde47f755bf6,NIFTY 50,24371.45,24498.2,24340.85,24307.3,30-OCT-2024,2024-10-29T18:30:00.000Z,67223e3c1795ca2cd16479d9,NIFTY 50,285196335.0,31068.7,30-10-2024
6723726f3ba97f2dbbbc466f,NIFTY 50,24349.85,24372.45,24205.35,24172.6,31-OCT-2024,2024-10-30T18:30:00.000Z,67238d65418c594e88d8146d,NIFTY 50,287007588.0,33403.89,31-10-2024
6724fe87249472d7ff1d9235,NIFTY 50,24302.75,24368.25,24304.35,24280.2,01-NOV-2024,2024-10-31T18:30:00.000Z,672509159da1d6430b54941d,NIFTY 50,38811387.0,3348.45,01-11-2024
6728b86f807c7551061673b7,NIFTY 50,24315.75,24316.75,23995.35,23816.15,04-NOV-2024,2024-11-03T18:30:00.000Z,6728ceb4d3863313603b6f30,NIFTY 50,285531635.0,31561.52,04-11-2024
672a09f22e51d297ad158883,NIFTY 50,23916.5,24229.05,24213.3,23842.75,05-NOV-2024,2024-11-04T18:30:00.000Z,672a1bfc1b1ec03281a926bc,NIFTY 50,289511197.0,30074.77,05-11-2024
672b5b7115517e39be36b2b1,NIFTY 50,24308.75,24537.6,24484.05,24204.05,06-NOV-2024,2024-11-05T18:30:00.000Z,672b6d7b2ad2889441f1441e,NIFTY 50,351082031.0,34108.84,06-11-2024
672cacef58bc6cde4282aaad,NIFTY 50,24489.6,24503.35,24199.35,24179.05,07-NOV-2024,2024-11-06T18:30:00.000Z,672ccd0b58bc6cde4282ac4f,NIFTY 50,322185588.0,30971.89,07-11-2024
672dfe6fa879f20aecf720dd,NIFTY 50,24207.7,24276.15,24148.2,24066.65,08-NOV-2024,2024-11-07T18:30:00.000Z,672e1965969a1202cd49f2a2,NIFTY 50,298725122.0,27670.3,08-11-2024
6731f2ef4b2405516b734e11,NIFTY 50,24087.25,24336.8,24141.3,24004.6,11-NOV-2024,2024-11-10T18:30:00.000Z,673204fb9477a9322936a12d,NIFTY 50,273370562.0,26600.28,11-11-2024
6733446f07565f769d1cc076,NIFTY 50,24225.8,24242.0,23883.45,23839.15,12-NOV-2024,2024-11-11T18:30:00.000Z,6733560531d6374be54d306c,NIFTY 50,255825829.0,26852.73,12-11-2024
673495ee7547102a55d0379e,NIFTY 50,23822.45,23873.6,23559.05,23509.6,13-NOV-2024,2024-11-12T18:30:00.000Z,6734b0e680eaa2b1c0329504,NIFTY 50,304569316.0,27765.81,13-11-2024
6735e770dae368d5624122eb,NIFTY 50,23542.15,23675.9,23532.7,23484.15,14-NOV-2024,2024-11-13T18:30:00.000Z,67387c3cc85f59f9304375ab,NIFTY 50,257708474.0,24814.37,14-11-2024
673b2d6f14dc9193793e4b31,NIFTY 50,23605.3,23606.8,23453.8,23350.4,18-NOV-2024,2024-11-17T18:30:00.000Z,673b43b47387d88c8a5ab57a,NIFTY 50,263311912.0,25257.33,18-11-2024
673c7ef1d03d8f75d3917099,NIFTY 50,23529.55,23780.65,23518.5,23464.8,19-NOV-2024,2024-11-18T18:30:00.000Z,673c978df841815e7c701af1,NIFTY 50,297477279.0,30486.78,19-11-2024
673f21ef18752b3c46dfe533,NIFTY 50,23488.45,23507.3,23349.9,23263.15,21-NOV-2024,2024-11-20T18:30:00.000Z,673f41959010cf4f07f8e9f9,NIFTY 50,420332354.0,40900.89,21-11-2024
6740736fb046b826944141c3,NIFTY 50,23411.8,23956.1,23907.25,23359.0,22-NOV-2024,2024-11-21T18:30:00.000Z,6740931437996268e857d4b7,NIFTY 50,367562789.0,39257.52,22-11-2024
67446a47ebd509284b4a0151,NIFTY 50,24253.55,24351.55,24221.9,24135.45,25-NOV-2024,2024-11-24T18:30:00.000Z,6744853de773fcec040e348b,NIFTY 50,687172787.0,85975.81,25-11-2024
6745b96fe773fcec040e3664,NIFTY 50,24343.3,24343.3,24194.5,24125.4,26-NOV-2024,2024-11-25T18:30:00.000Z,6745d46528e711892990a3fd,NIFTY 50,230691771.0,24140.67,26-11-2024
67470af1e529f85984f88789,NIFTY 50,24204.8,24354.55,24274.9,24145.65,27-NOV-2024,2024-11-26T18:30:00.000Z,674725e64360721701626440,NIFTY 50,295011445.0,31149.09,27-11-2024
67485c6ffa5b4db7028d697c,NIFTY 50,24274.15,24345.75,23914.15,23873.35,28-NOV-2024,2024-11-27T18:30:00.000Z,67487766302ba81b4f01c369,NIFTY 50,366745300.0,41198.27,28-11-2024
6749adef670c357251fae200,NIFTY 50,23927.15,24188.45,24131.1,23927.15,29-NOV-2024,2024-11-28T18:30:00.000Z,6749f0bc0181500d83a4f3a6,NIFTY 50,282104071.0,30509.98,29-11-2024
674da2710586d813635f9bdd,NIFTY 50,24140.85,24301.7,24276.05,24008.65,02-DEC-2024,2024-12-01T18:30:00.000Z,674dbfbd2aa9c53f51a69e91,NIFTY 50,220384187.0,23162.75,02-12-2024
674f1587529c05d822dd2e42,NIFTY 50,24367.5,24481.35,24457.15,24280.0,03-DEC-2024,2024-12-02T18:30:00.000Z,674f113d95cc812620d08880,NIFTY 50,339470947.0,34228.3,03-12-2024
67504572295732637caaaaf5,NIFTY 50,24488.75,24573.2,24467.45,24366.3,04-DEC-2024,2024-12-03T18:30:00.000Z,675062bc4058f75c3cbadf02,NIFTY 50,348003156.0,34639.78,04-12-2024
675196f1295732637caaac39,NIFTY 50,24539.15,24857.75,24708.4,24295.55,05-DEC-2024,2024-12-04T18:30:00.000Z,6751ad34226fe89916dd1836,NIFTY 50,361469920.0,40471.33,05-12-2024
6752e871a4d0219c9cb1fca5,NIFTY 50,24729.45,24751.05,24677.8,24620.5,06-DEC-2024,2024-12-05T18:30:00.000Z,6753036614fda703a4474d6a,NIFTY 50,226731303.0,23904.13,06-12-2024
6756dcf1d419b7279648fead,NIFTY 50,24633.9,24705.0,24619.0,24580.05,09-DEC-2024,2024-12-08T18:30:00.000Z,6756fa3c2470a4c163b3319f,NIFTY 50,248139308.0,25099.79,09-12-2024
67582e703d8b6c84b52b2244,NIFTY 50,24652.65,24677.8,24610.05,24510.65,10-DEC-2024,2024-12-09T18:30:00.000Z,6758470cf004aa262bc465a1,NIFTY 50,261048951.0,26093.38,10-12-2024
67597ff1943c0a0b304e7471,NIFTY 50,24620.5,24691.75,24641.8,24583.85,11-DEC-2024,2024-12-10T18:30:00.000Z,6759988cd419b727964901b6,NIFTY 50,187252712.0,21592.23,11-12-2024
675ad3c83c7968dda8676261,NIFTY 50,24604.45,24675.25,24548.7,24527.95,12-DEC-2024,2024-12-11T18:30:00.000Z,675aec62c54f90421b5dd15e,NIFTY 50,266051129.0,28235.17,12-12-2024
675c241c9e6fd027afd5ff4f,NIFTY 50,24498.35,24792.3,24768.3,24180.8,13-DEC-2024,2024-12-12T18:30:00.000Z,675c39359ce3bb2529d4c1d1,NIFTY 50,310080852.0,30429.73,13-12-2024
6760176f7533376419d24a8e,NIFTY 50,24753.4,24781.25,24668.25,24601.75,16-DEC-2024,2024-12-15T18:30:00.000Z,6760300d5241121042ea0fd5,NIFTY 50,187551629.0,18608.23,16-12-2024
676168f0338f09ef8452f558,NIFTY 50,24584.8,24624.1,24336.0,24303.45,17-DEC-2024,2024-12-16T18:30:00.000Z,676188970720baa9a1c95776,NIFTY 50,264881033.0,26765.16,17-12-2024
6762ba6fe4003ad82cf194c1,NIFTY 50,24297.95,24394.45,24198.85,24149.85,18-DEC-2024,2024-12-17T18:30:00.000Z,6762d5655241121042ea4e3c,NIFTY 50,235346534.0,23315.92,18-12-2024
67640bf1693bd17298fdf658,NIFTY 50,23877.15,24004.9,23951.7,23870.3,19-DEC-2024,2024-12-18T18:30:00.000Z,676426e62dd9ee863fc5f1aa,NIFTY 50,271128027.0,27815.23,19-12-2024
67655d6f7c8486a047a7bf1c,NIFTY 50,23960.7,24065.8,23587.5,23537.35,20-DEC-2024,2024-12-19T18:30:00.000Z,676581c55241121042ea67e1,NIFTY 50,442714411.0,47084.68,20-12-2024
676951ef5ec1c47403ab9cc6,NIFTY 50,23738.2,23869.55,23753.45,23647.2,23-DEC-2024,2024-12-22T18:30:00.000Z,67696a8c6d2f3b1b77d153f6,NIFTY 50,189758237.0,18243.28,23-12-2024
676aa371593b7cb4ed11a4d4,NIFTY 50,23769.1,23867.65,23727.65,23685.15,24-DEC-2024,2024-12-23T18:30:00.000Z,676abc0d9e9ae5f3fc56c556,NIFTY 50,177664746.0,16010.71,24-12-2024
676d466fa139b8f76461a426,NIFTY 50,23775.8,23854.5,23750.2,23653.6,26-DEC-2024,2024-12-25T18:30:00.000Z,676f88848b8a5eeb00f8800c,NIFTY 50,177681783.0,16695.1,26-12-2024
676e97ef5ec1c47403abd964,NIFTY 50,23801.4,23938.85,23813.4,23800.6,27-DEC-2024,2024-12-26T18:30:00.000Z,676eb53cf1d037c075bbba8d,NIFTY 50,176821521.0,17164.99,27-12-2024
67728c71114d9dad62471b07,NIFTY 50,23796.9,23915.35,23644.9,23599.3,30-DEC-2024,2024-12-29T18:30:00.000Z,6772ac15d8d43cee88ef0ba1,NIFTY 50,364929453.0,33823.95,30-12-2024
6773ddef7a4397eccc1ed83a,NIFTY 50,23560.6,23689.85,23644.8,23460.45,31-DEC-2024,2024-12-30T18:30:00.000Z,6773f68d74e9bcc3ec8b1bfc,NIFTY 50,193627727.0,18646.79,31-12-2024
67752f6f81b29297f793b779,NIFTY 50,23637.65,23822.8,23742.9,23562.8,01-JAN-2025,2024-12-31T18:30:00.000Z,67754cbd4a13aef4a4f67496,NIFTY 50,154921938.0,14266.26,01-01-2025
67769369d4191ba4826a884a,NIFTY 50,23783.0,24226.7,24188.65,23751.55,02-JAN-2025,2025-01-01T18:30:00.000Z,6776998d108635b9deb88116,NIFTY 50,283200811.0,32237.25,02-01-2025
6777d2703f6267b65b71bd8d,NIFTY 50,24196.4,24196.45,24004.75,23976.0,03-JAN-2025,2025-01-02T18:30:00.000Z,6777efbd99c47fa1f17113d2,NIFTY 50,312279515.0,29411.99,03-01-2025
677bc6ef6c2fe5e942c2fa13,NIFTY 50,24045.8,24089.95,23616.05,23551.9,06-JAN-2025,2025-01-05T18:30:00.000Z,677be43cd914451476afaedc,NIFTY 50,278061806.0,25853.64,06-01-2025
677d186fbd1cb816a096b820,NIFTY 50,23679.9,23795.2,23707.9,23637.8,07-JAN-2025,2025-01-06T18:30:00.000Z,677d310db95707d9058379a7,NIFTY 50,262337253.0,22485.65,07-01-2025
677e69f0e09bea18725f196c,NIFTY 50,23746.65,23751.85,23688.95,23496.15,08-JAN-2025,2025-01-07T18:30:00.000Z,677e873db11de24f9f0e0fbf,NIFTY 50,266375381.0,24718.54,08-01-2025
677fbb6f7622848c4e69cb2a,NIFTY 50,23674.75,23689.5,23526.5,23503.05,09-JAN-2025,2025-01-08T18:30:00.000Z,677fd40cb11de24f9f0e35d1,NIFTY 50,269239831.0,26793.85,09-01-2025
67810cf052bbce77ca53325f,NIFTY 50,23551.9,23596.6,23431.5,23344.35,10-JAN-2025,2025-01-09T18:30:00.000Z,67812335da6c79aca5bf6bb0,NIFTY 50,261022434.0,25017.6,10-01-2025
67850170d23ead9a1f7fdca0,NIFTY 50,23195.4,23340.95,23085.95,23047.25,13-JAN-2025,2025-01-12T18:30:00.000Z,67851c62227a4bb3523cf53d,NIFTY 50,316481107.0,26890.37,13-01-2025
678652f038810b0f562063e1,NIFTY 50,23165.9,23264.95,23176.05,23134.15,14-JAN-2025,2025-01-13T18:30:00.000Z,67866de622f5793b27aee933,NIFTY 50,311235510.0,31174.05,14-01-2025
6787a4783f448adf3c6f9fe2,NIFTY 50,23250.45,23293.65,23213.2,23146.45,15-JAN-2025,2025-01-14T18:30:00.000Z,6787bab5174169db8e6169bc,NIFTY 50,228039156.0,21587.78,15-01-2025
6788f5f11ab35b4fa80bbfc2,NIFTY 50,23377.25,23391.65,23311.8,23272.05,16-JAN-2025,2025-01-15T18:30:00.000Z,6789133c1bbbcfff9123e16c,NIFTY 50,299416081.0,29784.82,16-01-2025
678a47718cc9267607deccf4,NIFTY 50,23277.1,23292.1,23203.2,23100.35,17-JAN-2025,2025-01-16T18:30:00.000Z,678a600ce3ddad56d39aee25,NIFTY 50,272945267.0,27040.78,17-01-2025
678e3beff1fa3a0ec8b7a2fb,NIFTY 50,23290.4,23391.1,23344.75,23170.65,20-JAN-2025,2025-01-19T18:30:00.000Z,678e548c670737da1de71b06,NIFTY 50,301455455.0,27333.97,20-01-2025
678f8d6ed263d380fbe7d883,NIFTY 50,23421.65,23426.3,23024.65,22976.85,21-JAN-2025,2025-01-20T18:30:00.000Z,678fa60c221cfbf85fe2da57,NIFTY 50,312871897.0,30106.72,21-01-2025
6790def1bbc5aec483aaabc0,NIFTY 50,23099.15,23169.55,23155.35,22981.3,22-JAN-2025,2025-01-21T18:30:00.000Z,6790f9e5b2e705463dfc918e,NIFTY 50,275951918.0,25462.05,22-01-2025
6792306fadf042977d0edb0d,NIFTY 50,23128.3,23270.8,23205.35,23090.65,23-JAN-2025,2025-01-22T18:30:00.000Z,67924b66283936ad43286dbf,NIFTY 50,275558357.0,27723.78,23-01-2025
679381efaa4954f4fc338ff3,NIFTY 50,23183.9,23347.3,23092.2,23050.0,24-JAN-2025,2025-01-23T18:30:00.000Z,67939ce6832046b1a01b655c,NIFTY 50,264336332.0,24412.46,24-01-2025
